state_name,year,vote_share,north
alabama,1896.0,0.8126624625,0
alabama,1898.0,0.8148781444444445,0
alabama,1900.0,0.807690488888889,0
alabama,1902.0,0.7822216000000001,0
alabama,1904.0,0.8377479777777778,0
alabama,1906.0,0.9405217999999999,0
alabama,1908.0,0.8931466888888888,0
alabama,1910.0,0.8919489111111112,0
alabama,1912.0,0.92117756,0
alabama,1914.0,0.90267885,0
alabama,1916.0,0.83775059,0
alabama,1918.0,0.90815112,0
alabama,1920.0,0.78196018,0
alabama,1922.0,1.0,0
alabama,1924.0,0.8259873599999998,0
alabama,1926.0,0.8842817000000001,0
alabama,1928.0,0.87300344,0
alabama,1930.0,0.9253235399999999,0
alabama,1932.0,0.9189404555555556,0
alabama,1934.0,0.9586211888888889,0
alabama,1936.0,0.9459425333333333,0
alabama,1938.0,0.9477648888888888,0
alabama,1940.0,0.9542056777777778,0
alabama,1942.0,1.0,0
alabama,1944.0,0.9245830333333332,0
alabama,1946.0,0.9414310777777778,0
alabama,1948.0,0.9364312888888888,0
alabama,1950.0,0.9930145666666667,0
alabama,1952.0,0.9554337555555557,0
alabama,1954.0,0.9672648444444444,0
alabama,1956.0,0.9103941111111111,0
alabama,1958.0,0.9848184888888889,0
alabama,1960.0,0.9404872666666666,0
alabama,1964.0,0.5638918125,0
alabama,1966.0,0.6381041,0
alabama,1968.0,0.7008297125,0
alabama,1970.0,0.7295078374999999,0
alabama,1972.0,0.6042618142857143,0
alabama,1974.0,0.7345656571428572,0
alabama,1976.0,0.718888,0
alabama,1978.0,0.7433663571428571,0
alabama,1980.0,0.6564829571428571,0
alabama,1982.0,0.7468101571428571,0
alabama,1984.0,0.7827477142857143,0
alabama,1986.0,0.5756124571428571,0
alabama,1988.0,0.6292219142857143,0
alabama,1990.0,0.6573076857142857,0
alabama,1992.0,0.5894155142857144,0
alabama,1994.0,0.5301090473115634,0
alabama,1996.0,0.4642706879469475,0
alabama,1998.0,0.44859593996359565,0
alabama,2000.0,0.3491293903622691,0
alabama,2002.0,0.41742602871925427,0
alabama,2004.0,0.39622568055894913,0
alabama,2006.0,0.47331785306442903,0
alabama,2008.0,0.3902218352451336,0
alabama,2010.0,0.2913923000511098,0
alabama,2012.0,0.3396352019443655,0
alabama,2014.0,0.31693117421300976,0
alaska,1958.0,0.5744799,0
alaska,1960.0,0.5679698000000001,0
alaska,1962.0,0.5453568,0
alaska,1964.0,0.5151777,0
alaska,1966.0,0.4835145999999999,0
alaska,1968.0,0.4577412,0
alaska,1970.0,0.5511338000000001,0
alaska,1972.0,0.5623736,0
alaska,1974.0,0.4616299,0
alaska,1976.0,0.2899860999999999,0
alaska,1978.0,0.4450144,0
alaska,1980.0,0.2592153,0
alaska,1982.0,0.2884538,0
alaska,1984.0,0.4310488,0
alaska,1986.0,0.4211098,0
alaska,1988.0,0.3734544,0
alaska,1990.0,0.4807898,0
alaska,1992.0,0.4778949000000001,0
alaska,1994.0,0.3651243378733752,0
alaska,1996.0,0.3800614428349438,0
alaska,1998.0,0.3560587899017095,0
alaska,2000.0,0.192063801146321,0
alaska,2002.0,0.1882731699849791,0
alaska,2004.0,0.2393021513432516,0
alaska,2006.0,0.4142536911685538,0
alaska,2008.0,0.4728373891787369,0
alaska,2010.0,0.30675520771572,0
alaska,2012.0,0.309171845814863,0
alaska,2014.0,0.445620474853601,0
arizona,1912.0,0.7855024,0
arizona,1914.0,0.8144869,0
arizona,1916.0,0.6975286,0
arizona,1918.0,0.6144130999999999,0
arizona,1920.0,0.5780234000000001,0
arizona,1922.0,0.7184698,0
arizona,1924.0,0.8237636999999999,0
arizona,1926.0,0.6408753,0
arizona,1928.0,0.6154779,0
arizona,1930.0,1.0,0
arizona,1932.0,0.7175292,0
arizona,1934.0,0.6997463,0
arizona,1936.0,0.8054796999999999,0
arizona,1938.0,0.8029753000000001,0
arizona,1940.0,0.7112688,0
arizona,1948.0,0.61487365,0
arizona,1950.0,0.6483769500000001,0
arizona,1952.0,0.5142951,0
arizona,1954.0,0.5447605500000001,0
arizona,1956.0,0.5256415999999999,0
arizona,1958.0,0.5082649,0
arizona,1960.0,0.48259849999999993,0
arizona,1962.0,0.5185890333333333,0
arizona,1964.0,0.5164533666666667,0
arizona,1966.0,0.45165853333333333,0
arizona,1968.0,0.4510515,0
arizona,1970.0,0.46405969999999996,0
arizona,1972.0,0.47542357500000004,0
arizona,1974.0,0.5020792,0
arizona,1976.0,0.5095978,0
arizona,1978.0,0.54389395,0
arizona,1980.0,0.468136675,0
arizona,1982.0,0.44558302000000005,0
arizona,1984.0,0.3949642,0
arizona,1986.0,0.35026736,0
arizona,1988.0,0.3255228,0
arizona,1990.0,0.36646265999999994,0
arizona,1992.0,0.46036431666666666,0
arizona,1994.0,0.4115428062082797,0
arizona,1996.0,0.418773552333176,0
arizona,1998.0,0.4387476496405618,0
arizona,2000.0,0.42635519521954945,0
arizona,2002.0,0.4418500763413589,0
arizona,2004.0,0.3652942662611879,0
arizona,2006.0,0.4645487979545877,0
arizona,2008.0,0.5383090423996474,0
arizona,2010.0,0.46737338129653927,0
arizona,2012.0,0.49901495832756765,0
arizona,2014.0,0.4524553743155299,0
arkansas,1896.0,0.7255247166666666,0
arkansas,1898.0,0.9517078833333334,0
arkansas,1900.0,0.6648161333333333,0
arkansas,1902.0,0.8386843285714286,0
arkansas,1904.0,0.7161979571428571,0
arkansas,1906.0,0.7883497142857143,0
arkansas,1908.0,0.6797750285714287,0
arkansas,1910.0,0.8240559571428571,0
arkansas,1912.0,0.7783912142857143,0
arkansas,1914.0,0.9499908285714286,0
arkansas,1916.0,0.8315245571428571,0
arkansas,1918.0,1.0,0
arkansas,1920.0,0.6744760428571429,0
arkansas,1922.0,1.0,0
arkansas,1924.0,0.7319405428571429,0
arkansas,1926.0,0.9019690571428571,0
arkansas,1928.0,0.7870509857142858,0
arkansas,1930.0,1.0,0
arkansas,1932.0,0.9754584571428572,0
arkansas,1934.0,0.9518663142857143,0
arkansas,1936.0,0.9298089428571429,0
arkansas,1938.0,1.0,0
arkansas,1940.0,0.9586945857142857,0
arkansas,1942.0,1.0,0
arkansas,1944.0,0.9292506571428572,0
arkansas,1946.0,0.9833088142857144,0
arkansas,1948.0,0.9190593857142856,0
arkansas,1950.0,1.0,0
arkansas,1952.0,0.8935892666666666,0
arkansas,1954.0,1.0,0
arkansas,1956.0,0.9355886166666666,0
arkansas,1958.0,1.0,0
arkansas,1960.0,0.8269868,0
arkansas,1962.0,0.73401805,0
arkansas,1964.0,0.5474361,0
arkansas,1966.0,0.5592388499999998,0
arkansas,1968.0,0.5087593499999999,0
arkansas,1970.0,0.3329985,0
arkansas,1972.0,0.227108,0
arkansas,1974.0,0.6588888,0
arkansas,1976.0,0.7762052,0
arkansas,1978.0,0.35161220000000004,0
arkansas,1980.0,0.2098934999999999,0
arkansas,1982.0,0.526412925,0
arkansas,1984.0,0.8439206333333334,0
arkansas,1986.0,0.6088689,0
arkansas,1988.0,0.5932054,0
arkansas,1990.0,0.5664735750000001,0
arkansas,1992.0,0.600274375,0
arkansas,1994.0,0.47815646169922216,0
arkansas,1996.0,0.4652229992459589,0
arkansas,1998.0,0.5011265666061576,0
arkansas,2000.0,0.4218319996174782,0
arkansas,2002.0,0.5684963216050223,0
arkansas,2004.0,0.6596110371296379,0
arkansas,2006.0,0.6057296864604274,0
arkansas,2008.0,0.75,0
arkansas,2010.0,0.429722861414766,0
arkansas,2012.0,0.30218462517048583,0
arkansas,2014.0,0.30932927224252005,0
california,1896.0,0.4065604200000001,0
california,1898.0,0.47560689999999994,0
california,1900.0,0.4309370571428571,0
california,1902.0,0.4420736875,0
california,1904.0,0.3241397,0
california,1906.0,0.38300291249999996,0
california,1908.0,0.39991055,0
california,1910.0,0.4046016857142857,0
california,1912.0,0.39780899999999997,0
california,1914.0,0.378121975,0
california,1916.0,0.3858655142857143,0
california,1918.0,0.5043582,0
california,1920.0,0.0970812,0
california,1922.0,0.1375274,0
california,1924.0,0.12558430000000004,0
california,1926.0,0.13018744,0
california,1928.0,0.17591976666666667,0
california,1930.0,0.12511015,0
california,1932.0,0.5319037200000001,0
california,1934.0,0.573846525,0
california,1936.0,0.609559423076923,0
california,1938.0,0.5906638583333333,0
california,1940.0,0.5636158,0
california,1942.0,0.5540792363636363,0
california,1944.0,0.5413168133333334,0
california,1946.0,0.45761217692307693,0
california,1948.0,0.497663,0
california,1950.0,0.49765685000000004,0
california,1952.0,0.45443358125,0
california,1954.0,0.48851447857142855,0
california,1956.0,0.4898356259259259,0
california,1958.0,0.535512836,0
california,1960.0,0.5384766379310345,0
california,1962.0,0.5352166368421053,0
california,1964.0,0.5538644763157895,0
california,1966.0,0.4908756263157895,0
california,1968.0,0.46855092894736844,0
california,1970.0,0.5242731578947368,0
california,1972.0,0.5472235744186047,0
california,1974.0,0.615771076744186,0
california,1976.0,0.590055476744186,0
california,1978.0,0.541904323255814,0
california,1980.0,0.5011675209302325,0
california,1982.0,0.5381011181818182,0
california,1984.0,0.5154848533333333,0
california,1986.0,0.5517403933333334,0
california,1988.0,0.5724986444444444,0
california,1990.0,0.5360967577777778,0
california,1992.0,0.5709599653846154,0
california,1994.0,0.5208181396864935,0
california,1996.0,0.5440846572905307,0
california,1998.0,0.5565832718284363,0
california,2000.0,0.5756127399839603,0
california,2002.0,0.5572834418340161,0
california,2004.0,0.5773431680445715,0
california,2006.0,0.6227065603524345,0
california,2008.0,0.6505443196764379,0
california,2010.0,0.5688707803779376,0
california,2012.0,0.6274315158750701,0
california,2014.0,0.60683742916353,0
colorado,1902.0,0.3383082333333333,0
colorado,1904.0,0.4718053999999999,0
colorado,1906.0,0.4281307000000001,0
colorado,1908.0,0.5097124,0
colorado,1910.0,0.5130356,0
colorado,1912.0,0.6466891,0
colorado,1914.0,0.7568386,0
colorado,1916.0,0.551087325,0
colorado,1918.0,0.47278482499999996,0
colorado,1920.0,0.41095072500000007,0
colorado,1922.0,0.49527655000000004,0
colorado,1924.0,0.47152372499999995,0
colorado,1926.0,0.47352502499999993,0
colorado,1928.0,0.42221172500000004,0
colorado,1930.0,0.489507575,0
colorado,1932.0,0.56332715,0
colorado,1934.0,0.637768875,0
colorado,1936.0,0.6255407,0
colorado,1938.0,0.598318475,0
colorado,1940.0,0.5468789999999999,0
colorado,1942.0,0.4103906,0
colorado,1944.0,0.41778262499999996,0
colorado,1946.0,0.43020532499999997,0
colorado,1948.0,0.538719625,0
colorado,1950.0,0.49713149999999995,0
colorado,1952.0,0.45062532499999997,0
colorado,1954.0,0.502365125,0
colorado,1956.0,0.5397932,0
colorado,1958.0,0.585759075,0
colorado,1960.0,0.5472179500000001,0
colorado,1962.0,0.495350375,0
colorado,1964.0,0.5818227499999999,0
colorado,1966.0,0.535081075,0
colorado,1968.0,0.49102552499999996,0
colorado,1970.0,0.510139575,0
colorado,1972.0,0.47558059999999996,0
colorado,1974.0,0.53345036,0
colorado,1976.0,0.45857634,0
colorado,1978.0,0.48142347999999996,0
colorado,1980.0,0.46172524,0
colorado,1982.0,0.47685588333333334,0
colorado,1984.0,0.34753511666666664,0
colorado,1986.0,0.4435955166666667,0
colorado,1988.0,0.4976958833333333,0
colorado,1990.0,0.51389355,0
colorado,1992.0,0.4768188666666666,0
colorado,1994.0,0.3391212728831679,0
colorado,1996.0,0.42634964893594124,0
colorado,1998.0,0.43673038163740596,0
colorado,2000.0,0.34139845301009064,0
colorado,2002.0,0.4481617985778184,0
colorado,2004.0,0.5056937297139026,0
colorado,2006.0,0.5993075424460178,0
colorado,2008.0,0.5697685527130348,0
colorado,2010.0,0.48781581204799274,0
colorado,2012.0,0.4552240011449887,0
colorado,2014.0,0.4799850800975657,0
connecticut,1896.0,0.33461312499999996,1
connecticut,1898.0,0.430666475,1
connecticut,1900.0,0.41469185,1
connecticut,1902.0,0.43906078000000004,1
connecticut,1904.0,0.39957612,1
connecticut,1906.0,0.42567915999999995,1
connecticut,1908.0,0.38645631999999996,1
connecticut,1910.0,0.49150162000000003,1
connecticut,1912.0,0.52077632,1
connecticut,1914.0,0.46721702,1
connecticut,1916.0,0.4794892599999999,1
connecticut,1918.0,0.48318138,1
connecticut,1920.0,0.35084196,1
connecticut,1922.0,0.46520510000000004,1
connecticut,1924.0,0.34057144,1
connecticut,1926.0,0.35982188,1
connecticut,1928.0,0.45729588000000004,1
connecticut,1930.0,0.48893015999999995,1
connecticut,1932.0,0.49793373333333335,1
connecticut,1934.0,0.5104408,1
connecticut,1936.0,0.56740375,1
connecticut,1938.0,0.4788965666666667,1
connecticut,1940.0,0.5307000666666667,1
connecticut,1942.0,0.4773115333333333,1
connecticut,1944.0,0.5092471,1
connecticut,1946.0,0.4280536166666667,1
connecticut,1948.0,0.49871914999999994,1
connecticut,1950.0,0.49920526666666665,1
connecticut,1952.0,0.455806,1
connecticut,1954.0,0.48708545,1
connecticut,1956.0,0.3919447333333333,1
connecticut,1958.0,0.5409899,1
connecticut,1960.0,0.5344016333333333,1
connecticut,1962.0,0.5397766,1
connecticut,1964.0,0.6249833666666667,1
connecticut,1966.0,0.5508893166666666,1
connecticut,1968.0,0.5248977333333333,1
connecticut,1970.0,0.5044999666666666,1
connecticut,1972.0,0.4847763,1
connecticut,1974.0,0.582501,1
connecticut,1976.0,0.5111479666666666,1
connecticut,1978.0,0.579229,1
connecticut,1980.0,0.5173929666666667,1
connecticut,1982.0,0.5421780833333333,1
connecticut,1984.0,0.46742145000000007,1
connecticut,1986.0,0.55487805,1
connecticut,1988.0,0.4908654333333333,1
connecticut,1990.0,0.4667060166666667,1
connecticut,1992.0,0.4695876833333334,1
connecticut,1994.0,0.4532014793991932,1
connecticut,1996.0,0.5537606180793968,1
connecticut,1998.0,0.5255855764552335,1
connecticut,2000.0,0.5420279988823684,1
connecticut,2002.0,0.52316448837826,1
connecticut,2004.0,0.5593313556799704,1
connecticut,2006.0,0.49995877996712784,1
connecticut,2008.0,0.6463027553569619,1
connecticut,2010.0,0.5811506449800448,1
connecticut,2012.0,0.6430015223331693,1
connecticut,2014.0,0.5917699726074727,1
delaware,1896.0,0.5799518,1
delaware,1898.0,0.4614795,1
delaware,1900.0,0.4615032999999999,1
delaware,1902.0,0.5578009,1
delaware,1904.0,0.4540219,1
delaware,1906.0,0.4585834,1
delaware,1908.0,0.4807918,1
delaware,1910.0,0.4750649999999999,1
delaware,1912.0,0.5732314000000001,1
delaware,1914.0,0.4743022,1
delaware,1916.0,0.5019857,1
delaware,1918.0,0.4807475999999999,1
delaware,1920.0,0.4353607,1
delaware,1922.0,0.5456675,1
delaware,1924.0,0.4108757999999999,1
delaware,1926.0,0.4305971999999999,1
delaware,1928.0,0.3643668,1
delaware,1930.0,0.4450585999999999,1
delaware,1932.0,0.5142084,1
delaware,1934.0,0.4667615,1
delaware,1936.0,0.5405327,1
delaware,1938.0,0.4364979000000001,1
delaware,1940.0,0.5144092,1
delaware,1942.0,0.4608813,1
delaware,1944.0,0.5050425999999999,1
delaware,1946.0,0.4360199000000001,1
delaware,1948.0,0.4920806,1
delaware,1950.0,0.4334564999999999,1
delaware,1952.0,0.4807223,1
delaware,1954.0,0.549107,1
delaware,1956.0,0.4804350000000001,1
delaware,1958.0,0.5022826,1
delaware,1960.0,0.504857,1
delaware,1962.0,0.5301501999999999,1
delaware,1964.0,0.5657226,1
delaware,1966.0,0.4422753,1
delaware,1968.0,0.4132706,1
delaware,1970.0,0.453362,1
delaware,1972.0,0.3707895,1
delaware,1974.0,0.4035825999999999,1
delaware,1976.0,0.480653,1
delaware,1978.0,0.4143224,1
delaware,1980.0,0.3778234,1
delaware,1982.0,0.5306430999999999,1
delaware,1984.0,0.5853246999999999,1
delaware,1986.0,0.6642039000000001,1
delaware,1988.0,0.6751664,1
delaware,1990.0,0.6670491,1
delaware,1992.0,0.4341666,1
delaware,1994.0,0.272971149690626,1
delaware,1996.0,0.2830297293642668,1
delaware,1998.0,0.3240831109631777,1
delaware,2000.0,0.3129831162722805,1
delaware,2002.0,0.2704196510885753,1
delaware,2004.0,0.3005908545496937,1
delaware,2006.0,0.4040594379239797,1
delaware,2008.0,0.3834645731150048,1
delaware,2010.0,0.5804404903256016,1
delaware,2012.0,0.6582554188943612,1
delaware,2014.0,0.617144116152646,1
florida,1896.0,0.7627569999999999,0
florida,1898.0,0.7797528,0
florida,1900.0,0.8349385999999999,0
florida,1902.0,1.0,0
florida,1904.0,0.8169690333333334,0
florida,1906.0,1.0,0
florida,1908.0,0.8287196666666666,0
florida,1910.0,0.9648151,0
florida,1912.0,0.960420925,0
florida,1914.0,1.0,0
florida,1916.0,0.8343271999999999,0
florida,1918.0,1.0,0
florida,1920.0,0.837172325,0
florida,1922.0,0.913146075,0
florida,1924.0,0.805681075,0
florida,1926.0,0.90141285,0
florida,1928.0,0.7680865750000001,0
florida,1930.0,0.919293375,0
florida,1932.0,0.9031876000000001,0
florida,1934.0,1.0,0
florida,1936.0,0.8499133000000001,0
florida,1938.0,0.9630843,0
florida,1940.0,0.8796039,0
florida,1942.0,0.9205505166666667,0
florida,1944.0,0.8486151666666667,0
florida,1946.0,0.8404511166666667,0
florida,1948.0,0.8491133666666667,0
florida,1950.0,0.9311087333333333,0
florida,1952.0,0.7921875625,0
florida,1954.0,0.8808857,0
florida,1956.0,0.7034231,0
florida,1958.0,0.8496309125,0
florida,1960.0,0.772435775,0
florida,1962.0,0.6914679916666667,0
florida,1964.0,0.7893577166666667,0
florida,1966.0,0.7204151166666667,0
florida,1968.0,0.5888500833333333,0
florida,1970.0,0.5653847777777776,0
florida,1972.0,0.5539903166666666,0
florida,1974.0,0.4814606888888889,0
florida,1976.0,0.5662621454545455,0
florida,1978.0,0.60403265,0
florida,1980.0,0.6237204928571429,0
florida,1982.0,0.61222805,0
florida,1984.0,0.5285160333333333,0
florida,1986.0,0.5630581416666667,0
florida,1988.0,0.49015394615384617,0
florida,1990.0,0.5100928285714286,0
florida,1992.0,0.4890990136363636,0
florida,1994.0,0.33908147340510697,0
florida,1996.0,0.4124632155503844,0
florida,1998.0,0.35508517100338505,0
florida,2000.0,0.42038021859627955,0
florida,2002.0,0.4049463272196995,0
florida,2004.0,0.41807097736128,0
florida,2006.0,0.5469387180593263,0
florida,2008.0,0.5342546483620368,0
florida,2010.0,0.3895619071641093,0
florida,2012.0,0.4757740452650073,0
florida,2014.0,0.42793104772633306,0
georgia,1896.0,0.7890460454545455,0
georgia,1898.0,0.9411134909090909,0
georgia,1900.0,0.906557690909091,0
georgia,1902.0,1.0,0
georgia,1904.0,0.88996156,0
georgia,1906.0,0.9927684,0
georgia,1908.0,1.0,0
georgia,1910.0,0.97577139,0
georgia,1912.0,1.0,0
georgia,1914.0,1.0,0
georgia,1916.0,1.0,0
georgia,1918.0,0.9700208916666666,0
georgia,1920.0,0.9227732416666666,0
georgia,1922.0,0.9882968166666667,0
georgia,1924.0,0.9896004833333333,0
georgia,1926.0,1.0,0
georgia,1928.0,1.0,0
georgia,1930.0,1.0,0
georgia,1932.0,0.97410809,0
georgia,1934.0,1.0,0
georgia,1936.0,0.9523301500000001,0
georgia,1938.0,1.0,0
georgia,1940.0,0.9697707444444443,0
georgia,1942.0,1.0,0
georgia,1944.0,1.0,0
georgia,1946.0,1.0,0
georgia,1948.0,1.0,0
georgia,1950.0,1.0,0
georgia,1952.0,1.0,0
georgia,1954.0,0.9643831900000001,0
georgia,1956.0,0.9592021900000001,0
georgia,1958.0,1.0,0
georgia,1960.0,0.9741654399999999,0
georgia,1962.0,0.92796473,0
georgia,1964.0,0.7687453,0
georgia,1966.0,0.6851227599999999,0
georgia,1968.0,0.8550181800000001,0
georgia,1970.0,0.8134874200000001,0
georgia,1972.0,0.79759362,0
georgia,1974.0,0.74548086,0
georgia,1976.0,0.77936456,0
georgia,1978.0,0.84544069,0
georgia,1980.0,0.74895843,0
georgia,1982.0,0.7769531199999999,0
georgia,1984.0,0.76342026,0
georgia,1986.0,0.78257999,0
georgia,1988.0,0.69990273,0
georgia,1990.0,0.62808493,0
georgia,1992.0,0.5558139272727273,0
georgia,1994.0,0.4680447661710478,0
georgia,1996.0,0.48367975813546576,0
georgia,1998.0,0.3445497086471781,0
georgia,2000.0,0.39215603739915306,0
georgia,2002.0,0.460169401987484,0
georgia,2004.0,0.4138437641882645,0
georgia,2006.0,0.47600758354201983,0
georgia,2008.0,0.5339038681332933,0
georgia,2010.0,0.3827753599113184,0
georgia,2012.0,0.3855960888296907,0
georgia,2014.0,0.40347389595865263,0
hawaii,1960.0,0.7436911,0
hawaii,1970.0,0.8644591500000001,0
hawaii,1972.0,0.55890845,0
hawaii,1974.0,0.6096836999999999,0
hawaii,1976.0,0.6830689999999999,0
hawaii,1978.0,0.8291904999999999,0
hawaii,1980.0,0.8655503499999999,0
hawaii,1982.0,1.0,0
hawaii,1984.0,0.8483869500000001,0
hawaii,1986.0,0.5826538,0
hawaii,1988.0,0.7204835,0
hawaii,1990.0,0.6458447,0
hawaii,1992.0,0.7615637,0
hawaii,1994.0,0.648279959069695,0
hawaii,1996.0,0.5910403961383673,0
hawaii,1998.0,0.6848660499472561,0
hawaii,2000.0,0.6691216816630885,0
hawaii,2002.0,0.6646630563078413,0
hawaii,2004.0,0.6386168355831299,0
hawaii,2006.0,0.6519536648512013,0
hawaii,2008.0,0.7952221438747978,0
hawaii,2010.0,0.63629612096304,0
hawaii,2012.0,0.6757767258058176,0
hawaii,2014.0,0.663906093927878,0
idaho,1900.0,0.5110941,0
idaho,1902.0,0.4344592000000001,0
idaho,1904.0,0.3101340999999999,0
idaho,1906.0,0.3611414,0
idaho,1908.0,0.4293396,0
idaho,1910.0,0.4068870999999999,0
idaho,1918.0,0.3674860999999999,0
idaho,1920.0,0.33747135,0
idaho,1922.0,0.3687158,0
idaho,1924.0,0.30526895,0
idaho,1926.0,0.2764375,0
idaho,1928.0,0.32967559999999996,0
idaho,1930.0,0.35947824999999994,0
idaho,1932.0,0.5623370000000001,0
idaho,1934.0,0.6132768,0
idaho,1936.0,0.6539349999999999,0
idaho,1938.0,0.54591535,0
idaho,1940.0,0.5448523000000001,0
idaho,1942.0,0.4965146999999999,0
idaho,1944.0,0.5214076500000001,0
idaho,1946.0,0.44371590000000005,0
idaho,1948.0,0.50985705,0
idaho,1950.0,0.46199769999999996,0
idaho,1952.0,0.42052490000000003,0
idaho,1954.0,0.47020530000000005,0
idaho,1956.0,0.47576399999999996,0
idaho,1958.0,0.5369747,0
idaho,1960.0,0.5577138,0
idaho,1962.0,0.52935075,0
idaho,1964.0,0.49748135000000004,0
idaho,1966.0,0.38924749999999997,0
idaho,1968.0,0.43021224999999996,0
idaho,1970.0,0.37127034999999997,0
idaho,1972.0,0.36254175,0
idaho,1974.0,0.43035120000000004,0
idaho,1976.0,0.4740523,0
idaho,1978.0,0.4138508000000001,0
idaho,1980.0,0.43736489999999995,0
idaho,1982.0,0.4701828,0
idaho,1984.0,0.40708845000000005,0
idaho,1986.0,0.43741304999999997,0
idaho,1988.0,0.49718909999999994,0
idaho,1990.0,0.5831322000000001,0
idaho,1992.0,0.48797085,0
idaho,1994.0,0.34797390123598637,0
idaho,1996.0,0.39385771577788,0
idaho,1998.0,0.45355933176448193,0
idaho,2000.0,0.29719933845709445,0
idaho,2002.0,0.3490333759759192,0
idaho,2004.0,0.2985762785513746,0
idaho,2006.0,0.4149667371250907,0
idaho,2008.0,0.39781824650232045,0
idaho,2010.0,0.3545142825721968,0
idaho,2012.0,0.3382849322824154,0
idaho,2014.0,0.36814380798137264,0
illinois,1896.0,0.44015384999999996,0
illinois,1898.0,0.4579220318181818,0
illinois,1900.0,0.46453375454545454,0
illinois,1902.0,0.507709216,0
illinois,1904.0,0.361625456,0
illinois,1906.0,0.407963404,0
illinois,1908.0,0.432295496,0
illinois,1910.0,0.506449328,0
illinois,1912.0,0.5573706434782608,0
illinois,1914.0,0.49646572499999997,0
illinois,1916.0,0.436685856,0
illinois,1918.0,0.409173908,0
illinois,1920.0,0.319247356,0
illinois,1922.0,0.45705278800000004,0
illinois,1924.0,0.361070264,0
illinois,1926.0,0.40925298400000004,0
illinois,1928.0,0.44275058799999994,0
illinois,1930.0,0.476697636,0
illinois,1932.0,0.565346532,0
illinois,1934.0,0.55617202,0
illinois,1936.0,0.563474088,0
illinois,1938.0,0.51349842,0
illinois,1940.0,0.5005923760000001,0
illinois,1942.0,0.45717247692307694,0
illinois,1944.0,0.4982691730769231,0
illinois,1946.0,0.4393108615384615,0
illinois,1948.0,0.5175097076923076,0
illinois,1950.0,0.4618005769230769,0
illinois,1952.0,0.467754268,0
illinois,1954.0,0.500575264,0
illinois,1956.0,0.48062008,0
illinois,1958.0,0.558417012,0
illinois,1960.0,0.53028008,0
illinois,1962.0,0.5094241166666666,0
illinois,1964.0,0.5627766958333333,0
illinois,1966.0,0.4688796791666667,0
illinois,1968.0,0.4829099083333333,0
illinois,1970.0,0.5352585916666667,0
illinois,1972.0,0.5097612791666667,0
illinois,1974.0,0.591083425,0
illinois,1976.0,0.5371114,0
illinois,1978.0,0.4966609708333333,0
illinois,1980.0,0.5033337999999999,0
illinois,1982.0,0.5771332636363636,0
illinois,1984.0,0.5272813136363635,0
illinois,1986.0,0.5353450409090909,0
illinois,1988.0,0.5543663272727273,0
illinois,1990.0,0.5583499772727273,0
illinois,1992.0,0.5777562599999999,0
illinois,1994.0,0.5024371085367607,0
illinois,1996.0,0.578954507563929,0
illinois,1998.0,0.5029850681475698,0
illinois,2000.0,0.6086345624485198,0
illinois,2002.0,0.5341521248554719,0
illinois,2004.0,0.5711950197688265,0
illinois,2006.0,0.607850946409445,0
illinois,2008.0,0.6400491184989551,0
illinois,2010.0,0.5496400662151846,0
illinois,2012.0,0.5678499097876036,0
illinois,2014.0,0.5328713988314598,0
indiana,1896.0,0.4880016692307692,0
indiana,1898.0,0.4924001307692307,0
indiana,1900.0,0.4874795384615384,0
indiana,1902.0,0.4781526230769231,0
indiana,1904.0,0.4528677615384616,0
indiana,1906.0,0.4951137538461538,0
indiana,1908.0,0.5146022769230769,0
indiana,1910.0,0.5312713692307692,0
indiana,1912.0,0.6369042846153845,0
indiana,1914.0,0.5454808692307692,0
indiana,1916.0,0.4858398461538461,0
indiana,1918.0,0.4514588076923077,0
indiana,1920.0,0.4256380769230769,0
indiana,1922.0,0.48974693846153844,0
indiana,1924.0,0.44601083076923076,0
indiana,1926.0,0.4670624923076923,0
indiana,1928.0,0.45593837692307687,0
indiana,1930.0,0.5251667923076923,0
indiana,1932.0,0.55335645,0
indiana,1934.0,0.5265559916666667,0
indiana,1936.0,0.565721825,0
indiana,1938.0,0.492937475,0
indiana,1940.0,0.4921523833333333,0
indiana,1942.0,0.44425809999999993,0
indiana,1944.0,0.46548907272727275,0
indiana,1946.0,0.44565005454545453,0
indiana,1948.0,0.5157720727272728,0
indiana,1950.0,0.46206289999999994,0
indiana,1952.0,0.4315638454545454,0
indiana,1954.0,0.4719886818181818,0
indiana,1956.0,0.4410741909090909,0
indiana,1958.0,0.5340243363636363,0
indiana,1960.0,0.4829353818181818,0
indiana,1962.0,0.4882378636363636,0
indiana,1964.0,0.5248901727272727,0
indiana,1966.0,0.4716026545454545,0
indiana,1968.0,0.4674337090909091,0
indiana,1970.0,0.516660209090909,0
indiana,1972.0,0.4639073909090909,0
indiana,1974.0,0.5601014636363636,0
indiana,1976.0,0.5727126181818182,0
indiana,1978.0,0.5346770909090909,0
indiana,1980.0,0.5019187636363637,0
indiana,1982.0,0.49457112,0
indiana,1984.0,0.47574861999999996,0
indiana,1986.0,0.51530094,0
indiana,1988.0,0.52857572,0
indiana,1990.0,0.55918903,0
indiana,1992.0,0.5533446,0
indiana,1994.0,0.44161253625130803,0
indiana,1996.0,0.46353282215622693,0
indiana,1998.0,0.4492100632155712,0
indiana,2000.0,0.4636770729217113,0
indiana,2002.0,0.4371693307994811,0
indiana,2004.0,0.4246303724347588,0
indiana,2006.0,0.49913861592586894,0
indiana,2008.0,0.5354302396780689,0
indiana,2010.0,0.4202377813055307,0
indiana,2012.0,0.4595328405058255,0
indiana,2014.0,0.3959345524214609,0
iowa,1896.0,0.07771484545454545,0
iowa,1898.0,0.4318470818181818,0
iowa,1900.0,0.41368381818181815,0
iowa,1902.0,0.4152072636363636,0
iowa,1904.0,0.3560274363636363,0
iowa,1906.0,0.4295729909090909,0
iowa,1908.0,0.4402296363636363,0
iowa,1910.0,0.4238801636363636,0
iowa,1912.0,0.5118379727272727,0
iowa,1914.0,0.4329219818181818,0
iowa,1916.0,0.39727986363636364,0
iowa,1918.0,0.34213146363636365,0
iowa,1920.0,0.11392264545454545,0
iowa,1922.0,0.3860173090909091,0
iowa,1924.0,0.3120761363636364,0
iowa,1926.0,0.30037430909090906,0
iowa,1928.0,0.2682022454545454,0
iowa,1930.0,0.39051755454545456,0
iowa,1932.0,0.5271374666666666,0
iowa,1934.0,0.5338271888888888,0
iowa,1936.0,0.5028025444444445,0
iowa,1938.0,0.4390618111111111,0
iowa,1940.0,0.44886757777777775,0
iowa,1942.0,0.37808882499999996,0
iowa,1944.0,0.4312752125,0
iowa,1946.0,0.380687875,0
iowa,1948.0,0.4534939125,0
iowa,1950.0,0.38699825,0
iowa,1952.0,0.31461123750000003,0
iowa,1954.0,0.412162525,0
iowa,1956.0,0.4561043375,0
iowa,1958.0,0.5029406,0
iowa,1960.0,0.4586686,0
iowa,1962.0,0.459629,0
iowa,1964.0,0.5481346285714286,0
iowa,1966.0,0.47528298571428573,0
iowa,1968.0,0.4518887428571428,0
iowa,1970.0,0.4903653,0
iowa,1972.0,0.5153915833333333,0
iowa,1974.0,0.5417493166666666,0
iowa,1976.0,0.5748826166666666,0
iowa,1978.0,0.49753641666666665,0
iowa,1980.0,0.5130726999999999,0
iowa,1982.0,0.5264943999999999,0
iowa,1984.0,0.4676016333333333,0
iowa,1986.0,0.47515271666666664,0
iowa,1988.0,0.4812409666666666,0
iowa,1990.0,0.51610015,0
iowa,1992.0,0.3853249,0
iowa,1994.0,0.41944595106434457,0
iowa,1996.0,0.4492955742602483,0
iowa,1998.0,0.358732833952956,0
iowa,2000.0,0.42644224897563276,0
iowa,2002.0,0.4510453162626404,0
iowa,2004.0,0.4296681658196032,0
iowa,2006.0,0.4815853128534756,0
iowa,2008.0,0.5186661132375859,0
iowa,2010.0,0.4431067449695133,0
iowa,2012.0,0.5145502531121057,0
iowa,2014.0,0.4604750558620486,0
kansas,1896.0,0.48082745000000005,0
kansas,1898.0,0.017395971428571428,0
kansas,1900.0,0.08986714999999998,0
kansas,1902.0,0.42604268749999996,0
kansas,1904.0,0.28543605,0
kansas,1906.0,0.4351761625,0
kansas,1908.0,0.4502752625,0
kansas,1910.0,0.3811320125,0
kansas,1912.0,0.5046016875,0
kansas,1914.0,0.517905475,0
kansas,1916.0,0.5008577750000001,0
kansas,1918.0,0.4142608375,0
kansas,1920.0,0.3678245,0
kansas,1922.0,0.4489487125,0
kansas,1924.0,0.4407932875,0
kansas,1926.0,0.394563275,0
kansas,1928.0,0.3619331375,0
kansas,1930.0,0.4127562125,0
kansas,1932.0,0.5072813285714285,0
kansas,1934.0,0.49738412857142855,0
kansas,1936.0,0.4799756142857143,0
kansas,1938.0,0.4116763285714286,0
kansas,1940.0,0.4214158285714285,0
kansas,1942.0,0.39229895,0
kansas,1944.0,0.3664199833333333,0
kansas,1946.0,0.40371308333333333,0
kansas,1948.0,0.42424163333333337,0
kansas,1950.0,0.4120166,0
kansas,1952.0,0.40314603333333326,0
kansas,1954.0,0.43541271666666664,0
kansas,1956.0,0.47007856666666664,0
kansas,1958.0,0.5048274,0
kansas,1960.0,0.4572856166666666,0
kansas,1962.0,0.3907068,0
kansas,1964.0,0.43958130000000006,0
kansas,1966.0,0.36988276,0
kansas,1968.0,0.3779134,0
kansas,1970.0,0.42561408,0
kansas,1972.0,0.32636702,0
kansas,1974.0,0.43767856,0
kansas,1976.0,0.39305009999999996,0
kansas,1978.0,0.31912398,0
kansas,1980.0,0.44044042,0
kansas,1982.0,0.46804981999999995,0
kansas,1984.0,0.45233621999999996,0
kansas,1986.0,0.37509834,0
kansas,1988.0,0.38701324000000004,0
kansas,1990.0,0.5031602,0
kansas,1992.0,0.455841275,0
kansas,1994.0,0.3685999655423392,0
kansas,1996.0,0.41858694450760714,0
kansas,1998.0,0.3764992106961812,0
kansas,2000.0,0.31388184311932077,0
kansas,2002.0,0.3197961516040979,0
kansas,2004.0,0.32545797524966913,0
kansas,2006.0,0.4314054163172823,0
kansas,2008.0,0.3855319246429193,0
kansas,2010.0,0.33904702542273574,0
kansas,2012.0,0.18528909645135852,0
kansas,2014.0,0.3642958994814603,0
kentucky,1896.0,0.5405833,0
kentucky,1898.0,0.5843338,0
kentucky,1900.0,0.5090665,0
kentucky,1902.0,0.5770677727272727,0
kentucky,1904.0,0.5225364727272728,0
kentucky,1906.0,0.5868211363636363,0
kentucky,1908.0,0.5183089454545455,0
kentucky,1910.0,0.5817586090909092,0
kentucky,1912.0,0.6985790090909091,0
kentucky,1914.0,0.5717451181818182,0
kentucky,1916.0,0.5231624181818182,0
kentucky,1918.0,0.5191714181818182,0
kentucky,1920.0,0.5070510545454545,0
kentucky,1922.0,0.6705731545454546,0
kentucky,1924.0,0.6376169181818182,0
kentucky,1926.0,0.5391871727272727,0
kentucky,1928.0,0.45020458181818185,0
kentucky,1930.0,0.6148857363636364,0
kentucky,1934.0,0.592305388888889,0
kentucky,1936.0,0.5983556555555556,0
kentucky,1938.0,0.5987461111111112,0
kentucky,1940.0,0.6583277444444444,0
kentucky,1942.0,0.6061336555555555,0
kentucky,1944.0,0.5493785555555556,0
kentucky,1946.0,0.46398386666666663,0
kentucky,1948.0,0.5749214333333333,0
kentucky,1950.0,0.6937568444444444,0
kentucky,1952.0,0.5286213750000001,0
kentucky,1954.0,0.7105820875,0
kentucky,1956.0,0.551440625,0
kentucky,1958.0,0.7286794875,0
kentucky,1960.0,0.6808171,0
kentucky,1962.0,0.6560191142857142,0
kentucky,1964.0,0.6729322857142858,0
kentucky,1966.0,0.5358385714285714,0
kentucky,1968.0,0.5439079857142858,0
kentucky,1970.0,0.6332008571428572,0
kentucky,1972.0,0.5106651714285715,0
kentucky,1974.0,0.6535879285714286,0
kentucky,1976.0,0.6439017,0
kentucky,1978.0,0.6383718714285714,0
kentucky,1980.0,0.6239181714285714,0
kentucky,1982.0,0.6323250428571429,0
kentucky,1984.0,0.5750780142857143,0
kentucky,1986.0,0.6047694142857143,0
kentucky,1988.0,0.4868900857142857,0
kentucky,1990.0,0.4401162142857143,0
kentucky,1992.0,0.53222625,0
kentucky,1994.0,0.40776505120157047,0
kentucky,1996.0,0.37567362082510963,0
kentucky,1998.0,0.4167515604136723,0
kentucky,2000.0,0.4015181628180955,0
kentucky,2002.0,0.3102844819922323,0
kentucky,2004.0,0.3455731480633594,0
kentucky,2006.0,0.5135343096080973,0
kentucky,2008.0,0.4067784814572628,0
kentucky,2010.0,0.3658471569374206,0
kentucky,2012.0,0.3907648149935083,0
kentucky,2014.0,0.35968227240423617,0
louisiana,1896.0,0.9807112666666665,0
louisiana,1898.0,0.8896473333333333,0
louisiana,1900.0,0.80439855,0
louisiana,1902.0,0.8489007142857143,0
louisiana,1904.0,0.9163900857142858,0
louisiana,1906.0,0.9030842285714286,0
louisiana,1908.0,0.9305260714285714,0
louisiana,1910.0,0.9480396571428571,0
louisiana,1912.0,1.0,0
louisiana,1914.0,1.0,0
louisiana,1916.0,1.0,0
louisiana,1918.0,1.0,0
louisiana,1920.0,1.0,0
louisiana,1922.0,1.0,0
louisiana,1924.0,1.0,0
louisiana,1926.0,0.9929257625,0
louisiana,1928.0,0.961690225,0
louisiana,1930.0,1.0,0
louisiana,1932.0,1.0,0
louisiana,1934.0,1.0,0
louisiana,1936.0,1.0,0
louisiana,1938.0,1.0,0
louisiana,1940.0,0.9575358375,0
louisiana,1942.0,1.0,0
louisiana,1944.0,1.0,0
louisiana,1946.0,0.9780879124999999,0
louisiana,1948.0,0.95803455,0
louisiana,1950.0,1.0,0
louisiana,1952.0,0.9579949125,0
louisiana,1954.0,0.9778890625000001,0
louisiana,1956.0,0.9157256874999999,0
louisiana,1958.0,0.9897585375,0
louisiana,1960.0,0.8794096375,0
louisiana,1962.0,0.9140388,0
louisiana,1964.0,0.7934815000000001,0
louisiana,1966.0,0.8811003625,0
louisiana,1968.0,0.894620275,0
louisiana,1970.0,0.965561425,0
louisiana,1972.0,0.910470775,0
louisiana,1974.0,0.8963107857142857,0
louisiana,1976.0,0.6868348375,0
louisiana,1978.0,0.501016,0
louisiana,1986.0,0.7432058,0
louisiana,1988.0,0.4324308,0
louisiana,1990.0,1.0,0
louisiana,1992.0,0.3698128,0
louisiana,1994.0,0.5714285714285714,0
louisiana,1996.0,0.34531926186629575,0
louisiana,1998.0,0.3560810179911333,0
louisiana,2000.0,0.43285194105154073,0
louisiana,2002.0,0.35310003525691686,0
louisiana,2004.0,0.3507513754784716,0
louisiana,2006.0,0.35178243443150015,0
louisiana,2008.0,0.4485254995325536,0
louisiana,2010.0,0.27181854005698713,0
louisiana,2012.0,0.20993726862710546,0
louisiana,2014.0,0.28622184793274547,0
maine,1896.0,0.291002675,1
maine,1898.0,0.34543375,1
maine,1900.0,0.356647525,1
maine,1902.0,0.36799765,1
maine,1904.0,0.39681639999999996,1
maine,1906.0,0.46735855,1
maine,1908.0,0.46126329999999993,1
maine,1910.0,0.51088655,1
maine,1912.0,0.482473125,1
maine,1914.0,0.5011794,1
maine,1916.0,0.45670492500000004,1
maine,1918.0,0.4409043999999999,1
maine,1920.0,0.32969445,1
maine,1922.0,0.420748375,1
maine,1924.0,0.3973016,1
maine,1926.0,0.382312875,1
maine,1928.0,0.29323750000000004,1
maine,1930.0,0.380322975,1
maine,1932.0,0.5046954666666665,1
maine,1934.0,0.5089365333333333,1
maine,1936.0,0.41108229999999996,1
maine,1938.0,0.41123400000000004,1
maine,1940.0,0.3528788666666667,1
maine,1942.0,0.2513362,1
maine,1944.0,0.28498393333333333,1
maine,1946.0,0.35573323333333334,1
maine,1948.0,0.3314519333333333,1
maine,1950.0,0.41814236666666665,1
maine,1952.0,0.3181131333333333,1
maine,1954.0,0.4447317,1
maine,1956.0,0.47593633333333335,1
maine,1958.0,0.5249138000000001,1
maine,1960.0,0.4293085333333333,1
maine,1962.0,0.44621089999999997,1
maine,1964.0,0.5597545,1
maine,1966.0,0.5472887499999999,1
maine,1968.0,0.56164485,1
maine,1970.0,0.6168558,1
maine,1972.0,0.5248786999999999,1
maine,1974.0,0.3922493,1
maine,1976.0,0.31467439999999997,1
maine,1978.0,0.4068404,1
maine,1980.0,0.26502815,1
maine,1982.0,0.41062645,1
maine,1984.0,0.2973148,1
maine,1986.0,0.3876503999999999,1
maine,1988.0,0.48503945000000004,1
maine,1990.0,0.54584075,1
maine,1992.0,0.5555050500000001,1
maine,1994.0,0.5048366783540079,1
maine,1996.0,0.6483515452971078,1
maine,1998.0,0.6955896662919463,1
maine,2000.0,0.6775311685393968,1
maine,2002.0,0.5790667607303048,1
maine,2004.0,0.5962820454085571,1
maine,2006.0,0.6826645730359228,1
maine,2008.0,0.6116716719770474,1
maine,2010.0,0.559773305839711,1
maine,2012.0,0.6149281151865095,1
maine,2014.0,0.567017095649099,1
maryland,1896.0,0.2860996833333333,1
maryland,1898.0,0.4847781,1
maryland,1900.0,0.4740958,1
maryland,1902.0,0.4776557833333334,1
maryland,1904.0,0.48682570000000003,1
maryland,1906.0,0.47941088333333326,1
maryland,1908.0,0.5133929166666666,1
maryland,1910.0,0.5153863166666667,1
maryland,1912.0,0.6554691166666666,1
maryland,1914.0,0.53841345,1
maryland,1916.0,0.5061570833333333,1
maryland,1918.0,0.5187119833333332,1
maryland,1920.0,0.4622671666666667,1
maryland,1922.0,0.49987445,1
maryland,1924.0,0.5116542000000001,1
maryland,1926.0,0.5548811,1
maryland,1928.0,0.4971686,1
maryland,1930.0,0.59101415,1
maryland,1932.0,0.67309495,1
maryland,1934.0,0.6082587,1
maryland,1936.0,0.5983037,1
maryland,1938.0,0.5965224,1
maryland,1940.0,0.6036126833333334,1
maryland,1942.0,0.5793143,1
maryland,1944.0,0.5791383,1
maryland,1946.0,0.5379329666666667,1
maryland,1948.0,0.5735441833333333,1
maryland,1950.0,0.51900885,1
maryland,1952.0,0.49472447142857146,1
maryland,1954.0,0.5748338142857143,1
maryland,1956.0,0.5304469285714285,1
maryland,1958.0,0.6674163714285715,1
maryland,1960.0,0.6181416857142857,1
maryland,1962.0,0.619144575,1
maryland,1964.0,0.68241375,1
maryland,1966.0,0.5958265125,1
maryland,1968.0,0.5566413,1
maryland,1970.0,0.5598173875,1
maryland,1972.0,0.5295895125,1
maryland,1974.0,0.6377095625,1
maryland,1976.0,0.648257825,1
maryland,1978.0,0.6987320625,1
maryland,1980.0,0.6394692375,1
maryland,1982.0,0.6851963125,1
maryland,1984.0,0.649035525,1
maryland,1986.0,0.65675675,1
maryland,1988.0,0.6392431000000001,1
maryland,1990.0,0.564504775,1
maryland,1992.0,0.5566605375,1
maryland,1994.0,0.5245422435110759,1
maryland,1996.0,0.5641937299681117,1
maryland,1998.0,0.5734069576081247,1
maryland,2000.0,0.5854817103759848,1
maryland,2002.0,0.5641527624697222,1
maryland,2004.0,0.6087901932817203,1
maryland,2006.0,0.7054269784682419,1
maryland,2008.0,0.6947789269092903,1
maryland,2010.0,0.6342339999640054,1
maryland,2012.0,0.657644503386756,1
maryland,2014.0,0.5893660710575352,1
massachusetts,1896.0,0.313697,1
massachusetts,1898.0,0.4077480384615384,1
massachusetts,1900.0,0.3999387538461538,1
massachusetts,1902.0,0.4344745428571429,1
massachusetts,1904.0,0.38424749999999996,1
massachusetts,1906.0,0.3927346642857143,1
massachusetts,1908.0,0.36972579230769226,1
massachusetts,1910.0,0.5117220642857142,1
massachusetts,1912.0,0.52317598125,1
massachusetts,1914.0,0.44169624375,1
massachusetts,1916.0,0.4346489466666667,1
massachusetts,1918.0,0.3945387375,1
massachusetts,1920.0,0.32131263125,1
massachusetts,1922.0,0.43122747499999997,1
massachusetts,1924.0,0.40564310000000003,1
massachusetts,1926.0,0.4585475866666666,1
massachusetts,1928.0,0.46688756666666664,1
massachusetts,1930.0,0.45644501875,1
massachusetts,1932.0,0.49527136666666666,1
massachusetts,1934.0,0.5095418928571428,1
massachusetts,1936.0,0.5051449285714286,1
massachusetts,1938.0,0.4811605266666667,1
massachusetts,1940.0,0.48735584666666665,1
massachusetts,1942.0,0.47232958571428574,1
massachusetts,1944.0,0.4780701214285714,1
massachusetts,1946.0,0.4813246642857143,1
massachusetts,1948.0,0.5106008999999999,1
massachusetts,1950.0,0.5106054071428571,1
massachusetts,1952.0,0.47762267142857145,1
massachusetts,1954.0,0.5339869923076923,1
massachusetts,1956.0,0.49960101428571424,1
massachusetts,1958.0,0.6072445142857142,1
massachusetts,1960.0,0.6610140214285715,1
massachusetts,1962.0,0.6094935416666667,1
massachusetts,1964.0,0.6508951749999999,1
massachusetts,1966.0,0.6447443083333333,1
massachusetts,1968.0,0.5436261833333333,1
massachusetts,1970.0,0.619373075,1
massachusetts,1972.0,0.6182177454545456,1
massachusetts,1974.0,0.7786185083333333,1
massachusetts,1976.0,0.6878074666666666,1
massachusetts,1978.0,0.73648445,1
massachusetts,1980.0,0.6949676416666667,1
massachusetts,1982.0,0.77653216,1
massachusetts,1984.0,0.7186820454545454,1
massachusetts,1986.0,0.8467503454545454,1
massachusetts,1988.0,0.804746209090909,1
massachusetts,1990.0,0.7588782909090909,1
massachusetts,1992.0,0.65626158,1
massachusetts,1994.0,0.7276650498247365,1
massachusetts,1996.0,0.6878903244009145,1
massachusetts,1998.0,0.7848673645622253,1
massachusetts,2000.0,0.8729727371834999,1
massachusetts,2002.0,0.8690517491588665,1
massachusetts,2004.0,0.8505143611973842,1
massachusetts,2006.0,0.9166150717189077,1
massachusetts,2008.0,0.8920091396450193,1
massachusetts,2010.0,0.6398605419226799,1
massachusetts,2012.0,0.7734283753511496,1
massachusetts,2014.0,0.8613253854303193,1
michigan,1896.0,0.4499852833333333,0
michigan,1898.0,0.0,0
michigan,1900.0,0.4070155583333333,0
michigan,1902.0,0.3960182583333333,0
michigan,1904.0,0.31071031666666665,0
michigan,1906.0,0.22768247500000002,0
michigan,1908.0,0.37006726666666667,0
michigan,1910.0,0.4003931166666666,0
michigan,1912.0,0.46406155454545456,0
michigan,1914.0,0.3956139692307692,0
michigan,1916.0,0.3984930461538462,0
michigan,1918.0,0.3294921,0
michigan,1920.0,0.21948333846153847,0
michigan,1922.0,0.29588313846153846,0
michigan,1924.0,0.2080046,0
michigan,1926.0,0.18762775384615382,0
michigan,1928.0,0.25655687692307694,0
michigan,1930.0,0.19561862307692304,0
michigan,1932.0,0.5038323117647059,0
michigan,1934.0,0.49505915882352935,0
michigan,1936.0,0.5341603,0
michigan,1938.0,0.45887491176470585,0
michigan,1940.0,0.48469477647058823,0
michigan,1942.0,0.4528375764705882,0
michigan,1944.0,0.4636077823529412,0
michigan,1946.0,0.3780154823529412,0
michigan,1948.0,0.4815044411764706,0
michigan,1950.0,0.4593594,0
michigan,1952.0,0.46501421666666665,0
michigan,1954.0,0.5081788277777778,0
michigan,1956.0,0.4935971166666666,0
michigan,1958.0,0.5287796888888888,0
michigan,1960.0,0.5098962388888889,0
michigan,1962.0,0.5139944736842106,0
michigan,1964.0,0.5814016789473684,0
michigan,1966.0,0.500082147368421,0
michigan,1968.0,0.5199747473684211,0
michigan,1970.0,0.5329483105263159,0
michigan,1972.0,0.4875810315789474,0
michigan,1974.0,0.6078905473684211,0
michigan,1976.0,0.5820812368421052,0
michigan,1978.0,0.6032189631578947,0
michigan,1980.0,0.5637167736842105,0
michigan,1982.0,0.6318075,0
michigan,1984.0,0.5723427333333333,0
michigan,1986.0,0.59481765,0
michigan,1988.0,0.56684395,0
michigan,1990.0,0.5849741388888889,0
michigan,1992.0,0.5038820875,0
michigan,1994.0,0.4901608071393102,0
michigan,1996.0,0.5504486791827807,0
michigan,1998.0,0.5157429158837387,0
michigan,2000.0,0.5675677601795561,0
michigan,2002.0,0.534651283494366,0
michigan,2004.0,0.5086996729829338,0
michigan,2006.0,0.5757955921426154,0
michigan,2008.0,0.561753728345522,0
michigan,2010.0,0.4787020890357518,0
michigan,2012.0,0.5300367836003155,0
michigan,2014.0,0.517070657366102,0
minnesota,1896.0,0.0,0
minnesota,1898.0,0.11818139999999998,0
minnesota,1900.0,0.05227678571428572,0
minnesota,1902.0,0.34348975555555555,0
minnesota,1904.0,0.2406434222222222,0
minnesota,1906.0,0.23480081111111112,0
minnesota,1908.0,0.23392915555555557,0
minnesota,1910.0,0.2478071444444444,0
minnesota,1912.0,0.28894975,0
minnesota,1914.0,0.30878201111111103,0
minnesota,1916.0,0.2832123555555556,0
minnesota,1918.0,0.2650552,0
minnesota,1920.0,0.17682493,0
minnesota,1922.0,0.27895553749999996,0
minnesota,1924.0,0.11652720000000001,0
minnesota,1926.0,0.082531775,0
minnesota,1928.0,0.2347589,0
minnesota,1930.0,0.10978595555555555,0
minnesota,1934.0,0.3765553,0
minnesota,1936.0,0.372979675,0
minnesota,1938.0,0.24118705,0
minnesota,1940.0,0.28372332499999997,0
minnesota,1942.0,0.25524355,0
minnesota,1944.0,0.40615844444444443,0
minnesota,1946.0,0.4044491444444444,0
minnesota,1948.0,0.49564449999999993,0
minnesota,1950.0,0.46477225555555557,0
minnesota,1952.0,0.4550280888888889,0
minnesota,1954.0,0.5280342444444445,0
minnesota,1956.0,0.5121118666666666,0
minnesota,1958.0,0.5250008888888889,0
minnesota,1960.0,0.5046656,0
minnesota,1962.0,0.4940406,0
minnesota,1964.0,0.5439894624999999,0
minnesota,1966.0,0.5011393625,0
minnesota,1968.0,0.483048975,0
minnesota,1970.0,0.5321170625,0
minnesota,1972.0,0.54343905,0
minnesota,1974.0,0.5943723375,0
minnesota,1976.0,0.59762955,0
minnesota,1978.0,0.5356744124999999,0
minnesota,1980.0,0.4877896625,0
minnesota,1982.0,0.5543414875,0
minnesota,1984.0,0.548502225,0
minnesota,1986.0,0.6069775,0
minnesota,1988.0,0.5961176749999999,0
minnesota,1990.0,0.5977658,0
minnesota,1992.0,0.5615149374999999,0
minnesota,1994.0,0.5137835420264619,0
minnesota,1996.0,0.5763354471218295,0
minnesota,1998.0,0.5666767920329715,0
minnesota,2000.0,0.5656030493962372,0
minnesota,2002.0,0.5212530096863132,0
minnesota,2004.0,0.5385497366300226,0
minnesota,2006.0,0.5658011601784686,0
minnesota,2008.0,0.6090075180774701,0
minnesota,2010.0,0.5204026868376325,0
minnesota,2012.0,0.5671579364192786,0
minnesota,2014.0,0.522912367964509,0
mississippi,1896.0,0.9523264285714286,0
mississippi,1898.0,0.9835268714285714,0
mississippi,1900.0,0.9615511,0
mississippi,1902.0,1.0,0
mississippi,1904.0,1.0,0
mississippi,1906.0,1.0,0
mississippi,1908.0,0.9933249875,0
mississippi,1910.0,1.0,0
mississippi,1912.0,1.0,0
mississippi,1914.0,1.0,0
mississippi,1918.0,1.0,0
mississippi,1920.0,0.98909905,0
mississippi,1922.0,0.9933313625,0
mississippi,1924.0,1.0,0
mississippi,1926.0,1.0,0
mississippi,1928.0,1.0,0
mississippi,1930.0,1.0,0
mississippi,1932.0,1.0,0
mississippi,1934.0,1.0,0
mississippi,1936.0,1.0,0
mississippi,1938.0,1.0,0
mississippi,1940.0,1.0,0
mississippi,1942.0,1.0,0
mississippi,1944.0,0.9896440142857142,0
mississippi,1946.0,1.0,0
mississippi,1948.0,1.0,0
mississippi,1950.0,0.9785682285714286,0
mississippi,1952.0,0.9687668833333333,0
mississippi,1954.0,1.0,0
mississippi,1956.0,1.0,0
mississippi,1958.0,1.0,0
mississippi,1960.0,0.9772063833333333,0
mississippi,1962.0,1.0,0
mississippi,1964.0,0.8886001199999999,0
mississippi,1966.0,0.84038088,0
mississippi,1968.0,0.94009302,0
mississippi,1970.0,0.9273137200000001,0
mississippi,1972.0,0.71275104,0
mississippi,1974.0,0.63204772,0
mississippi,1976.0,0.62332662,0
mississippi,1978.0,0.51224378,0
mississippi,1980.0,0.60328482,0
mississippi,1982.0,0.58970132,0
mississippi,1984.0,0.63952152,0
mississippi,1986.0,0.6145885,0
mississippi,1988.0,0.6654942,0
mississippi,1990.0,0.8218862400000001,0
mississippi,1992.0,0.7122292,0
mississippi,1994.0,0.5822428108252582,0
mississippi,1996.0,0.45216913767368805,0
mississippi,1998.0,0.5318545483920387,0
mississippi,2000.0,0.5266054635950462,0
mississippi,2002.0,0.4874092936415491,0
mississippi,2004.0,0.3099911841462039,0
mississippi,2006.0,0.44536737500277035,0
mississippi,2008.0,0.5910767205620472,0
mississippi,2010.0,0.45840031910386325,0
mississippi,2012.0,0.3434676902184839,0
mississippi,2014.0,0.4613529521721126,0
missouri,1896.0,0.49308981333333335,0
missouri,1898.0,0.5256899866666667,0
missouri,1900.0,0.53119062,0
missouri,1902.0,0.546321025,0
missouri,1904.0,0.494027725,0
missouri,1906.0,0.507200475,0
missouri,1908.0,0.5080513249999999,0
missouri,1910.0,0.5181248375,0
missouri,1912.0,0.6381981999999999,0
missouri,1914.0,0.5860671125,0
missouri,1916.0,0.5240139312500001,0
missouri,1918.0,0.56384284375,0
missouri,1920.0,0.4563689,0
missouri,1922.0,0.51507415625,0
missouri,1924.0,0.5025443374999999,0
missouri,1926.0,0.5175100125,0
missouri,1928.0,0.48323555625,0
missouri,1930.0,0.51461793125,0
missouri,1934.0,0.6104393538461539,0
missouri,1936.0,0.6055383692307692,0
missouri,1938.0,0.6010525461538461,0
missouri,1940.0,0.5300727923076922,0
missouri,1942.0,0.49613324615384613,0
missouri,1944.0,0.5421475615384616,0
missouri,1946.0,0.4864095384615385,0
missouri,1948.0,0.5931216384615385,0
missouri,1950.0,0.5871083153846153,0
missouri,1952.0,0.5268058272727273,0
missouri,1954.0,0.5714716636363636,0
missouri,1956.0,0.6367222363636365,0
missouri,1958.0,0.6476050636363637,0
missouri,1960.0,0.6091313818181818,0
missouri,1962.0,0.57617725,0
missouri,1964.0,0.63521904,0
missouri,1966.0,0.56096397,0
missouri,1968.0,0.5687783399999999,0
missouri,1970.0,0.5931950500000001,0
missouri,1972.0,0.6019621199999999,0
missouri,1974.0,0.67792679,0
missouri,1976.0,0.58260342,0
missouri,1978.0,0.63548713,0
missouri,1980.0,0.55597151,0
missouri,1982.0,0.5735704111111111,0
missouri,1984.0,0.5643115666666666,0
missouri,1986.0,0.5960163777777777,0
missouri,1988.0,0.5654323888888889,0
missouri,1990.0,0.5420249777777778,0
missouri,1992.0,0.5518933,0
missouri,1994.0,0.5200978424891236,0
missouri,1996.0,0.5709236178936039,0
missouri,1998.0,0.5236177610534914,0
missouri,2000.0,0.5114759703981699,0
missouri,2002.0,0.46222020271389713,0
missouri,2004.0,0.45920785606451875,0
missouri,2006.0,0.49704482097214,0
missouri,2008.0,0.5314053406550419,0
missouri,2010.0,0.39138697735473027,0
missouri,2012.0,0.4304105126751613,0
missouri,2014.0,0.3866668610631569,0
montana,1898.0,0.6116029000000001,0
montana,1900.0,0.5479479,0
montana,1902.0,0.4426742,0
montana,1904.0,0.0,0
montana,1906.0,0.4466076,0
montana,1908.0,0.4693861,0
montana,1910.0,0.4632943000000001,0
montana,1918.0,0.50517265,0
montana,1920.0,0.38953655,0
montana,1922.0,0.5176755,0
montana,1924.0,0.49492105,0
montana,1926.0,0.5160963,0
montana,1928.0,0.44742675,0
montana,1930.0,0.5149091,0
montana,1932.0,0.5743836499999999,0
montana,1934.0,0.69464515,0
montana,1936.0,0.6440226,0
montana,1938.0,0.49687919999999997,0
montana,1940.0,0.54057825,0
montana,1942.0,0.5638078500000001,0
montana,1944.0,0.61447615,0
montana,1946.0,0.5150229000000001,0
montana,1948.0,0.58608665,0
montana,1950.0,0.5309742500000001,0
montana,1952.0,0.44344275,0
montana,1954.0,0.5268163,0
montana,1956.0,0.5646331,0
montana,1958.0,0.6523744,0
montana,1960.0,0.51182335,0
montana,1962.0,0.4866924,0
montana,1964.0,0.49908275,0
montana,1966.0,0.4532858,0
montana,1968.0,0.42883534999999995,0
montana,1970.0,0.56806695,0
montana,1972.0,0.61155945,0
montana,1974.0,0.5889738,0
montana,1976.0,0.5574543000000001,0
montana,1978.0,0.5022031,0
montana,1980.0,0.51181725,0
montana,1982.0,0.5337102,0
montana,1984.0,0.5067294,0
montana,1986.0,0.5409987,0
montana,1988.0,0.52624585,0
montana,1990.0,0.49086050000000003,0
montana,1992.0,0.5179782,0
montana,1994.0,0.5353919403162265,0
montana,1996.0,0.4515396218799403,0
montana,1998.0,0.4555868422438441,0
montana,2000.0,0.4732840212362571,0
montana,2002.0,0.3357800783661617,0
montana,2004.0,0.3372992156263175,0
montana,2006.0,0.3992463069038288,0
montana,2008.0,0.3357665805340224,0
montana,2010.0,0.3590578536728985,0
montana,2012.0,0.4451257257165943,0
montana,2014.0,0.4217426204259688,0
nebraska,1896.0,0.48442365,0
nebraska,1898.0,0.1730874,0
nebraska,1900.0,0.25195175000000003,0
nebraska,1902.0,0.0,0
nebraska,1904.0,0.0,0
nebraska,1906.0,0.4617424666666667,0
nebraska,1908.0,0.5054988166666666,0
nebraska,1910.0,0.26635165,0
nebraska,1912.0,0.2632906666666666,0
nebraska,1914.0,0.29153965,0
nebraska,1916.0,0.27835143333333334,0
nebraska,1918.0,0.43943014999999996,0
nebraska,1920.0,0.3463824166666667,0
nebraska,1922.0,0.4938305,0
nebraska,1924.0,0.47984306666666665,0
nebraska,1926.0,0.5153317000000001,0
nebraska,1928.0,0.4562845166666667,0
nebraska,1930.0,0.5353540999999999,0
nebraska,1932.0,0.5847048,0
nebraska,1934.0,0.5300411599999999,0
nebraska,1936.0,0.5295694400000001,0
nebraska,1938.0,0.47992362,0
nebraska,1940.0,0.41417096000000003,0
nebraska,1942.0,0.35430762499999996,0
nebraska,1944.0,0.32918634999999996,0
nebraska,1946.0,0.319831875,0
nebraska,1948.0,0.4144482,0
nebraska,1950.0,0.3730312,0
nebraska,1952.0,0.316601,0
nebraska,1954.0,0.382090125,0
nebraska,1956.0,0.40727719999999995,0
nebraska,1958.0,0.47292124999999996,0
nebraska,1960.0,0.43809784999999996,0
nebraska,1962.0,0.37084906666666667,0
nebraska,1964.0,0.48455200000000004,0
nebraska,1966.0,0.3720445666666667,0
nebraska,1968.0,0.4050413666666666,0
nebraska,1970.0,0.39986843333333333,0
nebraska,1972.0,0.3407807333333333,0
nebraska,1974.0,0.4709989333333333,0
nebraska,1976.0,0.3557095333333333,0
nebraska,1978.0,0.3805662,0
nebraska,1980.0,0.2752926,0
nebraska,1982.0,0.22700809999999996,0
nebraska,1984.0,0.2588525666666667,0
nebraska,1986.0,0.3570606333333333,0
nebraska,1988.0,0.34895056666666663,0
nebraska,1990.0,0.4739127,0
nebraska,1992.0,0.3993894666666667,0
nebraska,1994.0,0.36062505415127677,0
nebraska,1996.0,0.31296155078684346,0
nebraska,1998.0,0.20232869690083624,0
nebraska,2000.0,0.2668863387943652,0
nebraska,2002.0,0.11417324753826658,0
nebraska,2004.0,0.3072511486932058,0
nebraska,2006.0,0.4399642513970256,0
nebraska,2008.0,0.33612775012211066,0
nebraska,2010.0,0.2941804224376671,0
nebraska,2012.0,0.35580739065624023,0
nebraska,2014.0,0.35853471113374963,0
nevada,1900.0,0.5878013000000001,0
nevada,1902.0,0.5354821,0
nevada,1904.0,0.5103455,0
nevada,1906.0,0.5637274,0
nevada,1908.0,0.5984047,0
nevada,1910.0,0.4330292000000001,0
nevada,1912.0,0.4976515999999999,0
nevada,1914.0,0.4739170999999999,0
nevada,1916.0,0.4815114,0
nevada,1918.0,0.5430775999999999,0
nevada,1920.0,0.4107814999999999,0
nevada,1922.0,0.5695815,0
nevada,1924.0,0.4956324,0
nevada,1926.0,0.4231677,0
nevada,1928.0,0.4138994000000001,0
nevada,1930.0,0.4563380999999999,0
nevada,1932.0,0.6075842,0
nevada,1934.0,0.7123048000000001,0
nevada,1936.0,0.6845557,0
nevada,1938.0,0.6636298,0
nevada,1940.0,0.6446616,0
nevada,1942.0,0.5356826,0
nevada,1944.0,0.6309524000000001,0
nevada,1946.0,0.4115932,0
nevada,1948.0,0.5064816,0
nevada,1950.0,0.5278312,0
nevada,1952.0,0.4952167999999999,0
nevada,1954.0,0.4549002,0
nevada,1956.0,0.5421521,0
nevada,1958.0,0.6687031999999999,0
nevada,1960.0,0.5754329,0
nevada,1962.0,0.7164931,0
nevada,1964.0,0.6329348000000001,0
nevada,1966.0,0.676316,0
nevada,1968.0,0.7214381999999999,0
nevada,1970.0,0.8245679,0
nevada,1972.0,0.4784885,0
nevada,1974.0,0.6048874,0
nevada,1976.0,0.8645632,0
nevada,1978.0,0.7489234,0
nevada,1980.0,0.7232970000000001,0
nevada,1982.0,0.5011166,0
nevada,1984.0,0.4176174,0
nevada,1986.0,0.48353919999999995,0
nevada,1988.0,0.5349946999999999,0
nevada,1990.0,0.5032424,0
nevada,1992.0,0.5392999,0
nevada,1994.0,0.4050392478710383,0
nevada,1996.0,0.42030045694493495,0
nevada,1998.0,0.25944522586765234,0
nevada,2000.0,0.4278683803708652,0
nevada,2002.0,0.38928641831412963,0
nevada,2004.0,0.4652524514729643,0
nevada,2006.0,0.5456188895356615,0
nevada,2008.0,0.5592771011727119,0
nevada,2010.0,0.4910937005062655,0
nevada,2012.0,0.5144407828710056,0
nevada,2014.0,0.4391424850130129,0
new hampshire,1896.0,0.3469496999999999,1
new hampshire,1898.0,0.44977725,1
new hampshire,1900.0,0.39495520000000006,1
new hampshire,1902.0,0.40361915,1
new hampshire,1904.0,0.3901804499999999,1
new hampshire,1906.0,0.40588015,1
new hampshire,1908.0,0.40334495000000004,1
new hampshire,1910.0,0.4641866499999999,1
new hampshire,1912.0,0.53462085,1
new hampshire,1914.0,0.45291829999999994,1
new hampshire,1916.0,0.47519935,1
new hampshire,1918.0,0.4570200499999999,1
new hampshire,1920.0,0.39410965,1
new hampshire,1922.0,0.5075219,1
new hampshire,1924.0,0.416788,1
new hampshire,1926.0,0.37725385,1
new hampshire,1928.0,0.4117470499999999,1
new hampshire,1930.0,0.42019864999999995,1
new hampshire,1932.0,0.49173595000000003,1
new hampshire,1934.0,0.5023556,1
new hampshire,1936.0,0.4778176,1
new hampshire,1938.0,0.43472874999999994,1
new hampshire,1940.0,0.479425,1
new hampshire,1942.0,0.4475209499999999,1
new hampshire,1944.0,0.47349114999999997,1
new hampshire,1946.0,0.37696185,1
new hampshire,1948.0,0.4314122,1
new hampshire,1950.0,0.39010605,1
new hampshire,1952.0,0.36678514999999995,1
new hampshire,1954.0,0.44681055000000003,1
new hampshire,1956.0,0.38313125,1
new hampshire,1958.0,0.41334329999999997,1
new hampshire,1960.0,0.4157448,1
new hampshire,1962.0,0.4469417499999999,1
new hampshire,1964.0,0.5061526999999999,1
new hampshire,1966.0,0.38466829999999996,1
new hampshire,1968.0,0.32743654999999994,1
new hampshire,1970.0,0.3147787999999999,1
new hampshire,1972.0,0.2973642999999999,1
new hampshire,1974.0,0.43951144999999997,1
new hampshire,1976.0,0.5431022,1
new hampshire,1978.0,0.47301050000000006,1
new hampshire,1980.0,0.4832637,1
new hampshire,1982.0,0.42185414999999993,1
new hampshire,1984.0,0.32045989999999996,1
new hampshire,1986.0,0.3471208,1
new hampshire,1988.0,0.41237909999999994,1
new hampshire,1990.0,0.48746220000000007,1
new hampshire,1992.0,0.53864215,1
new hampshire,1994.0,0.3881595893460914,1
new hampshire,1996.0,0.47242564482806326,1
new hampshire,1998.0,0.3943418716205985,1
new hampshire,2000.0,0.4399522162118129,1
new hampshire,2002.0,0.40837150950969037,1
new hampshire,2004.0,0.38091196562933927,1
new hampshire,2006.0,0.5246424840537569,1
new hampshire,2008.0,0.5534608509765637,1
new hampshire,2010.0,0.465739287700654,1
new hampshire,2012.0,0.5224762914443205,1
new hampshire,2014.0,0.5160580907946297,1
new jersey,1896.0,0.3878531375,1
new jersey,1898.0,0.4812824,1
new jersey,1900.0,0.42833620000000006,1
new jersey,1902.0,0.46987936,1
new jersey,1904.0,0.42095326999999994,1
new jersey,1906.0,0.49209578,1
new jersey,1908.0,0.4611434599999999,1
new jersey,1910.0,0.54844161,1
new jersey,1912.0,0.6048405,1
new jersey,1914.0,0.4881010272727272,1
new jersey,1916.0,0.45718799999999993,1
new jersey,1918.0,0.4924956333333333,1
new jersey,1920.0,0.366810525,1
new jersey,1922.0,0.5032074166666667,1
new jersey,1924.0,0.3786157666666667,1
new jersey,1926.0,0.4327738749999999,1
new jersey,1928.0,0.4092608833333333,1
new jersey,1930.0,0.44512852500000005,1
new jersey,1932.0,0.4934984571428571,1
new jersey,1934.0,0.5132233785714285,1
new jersey,1936.0,0.54044935,1
new jersey,1938.0,0.4740105714285714,1
new jersey,1940.0,0.47068344285714286,1
new jersey,1942.0,0.45248545,1
new jersey,1944.0,0.4672418,1
new jersey,1946.0,0.40206468571428566,1
new jersey,1948.0,0.48860467857142853,1
new jersey,1950.0,0.4505278642857143,1
new jersey,1952.0,0.4372223857142857,1
new jersey,1954.0,0.5027844071428571,1
new jersey,1956.0,0.4228629142857142,1
new jersey,1958.0,0.519421,1
new jersey,1960.0,0.5087012714285714,1
new jersey,1962.0,0.53567912,1
new jersey,1964.0,0.5762342733333334,1
new jersey,1966.0,0.5057060466666666,1
new jersey,1968.0,0.49578817333333336,1
new jersey,1970.0,0.5445071133333333,1
new jersey,1972.0,0.5079411266666667,1
new jersey,1974.0,0.6268094533333333,1
new jersey,1976.0,0.5707485066666667,1
new jersey,1978.0,0.5750891266666667,1
new jersey,1980.0,0.5112967666666666,1
new jersey,1982.0,0.5866824214285715,1
new jersey,1984.0,0.5228541428571428,1
new jersey,1986.0,0.5487492357142857,1
new jersey,1988.0,0.5327337214285714,1
new jersey,1990.0,0.541359,1
new jersey,1992.0,0.49774123076923077,1
new jersey,1994.0,0.4751274212860931,1
new jersey,1996.0,0.5177241168997788,1
new jersey,1998.0,0.5397282045338754,1
new jersey,2000.0,0.5567026320133687,1
new jersey,2002.0,0.5676600464394308,1
new jersey,2004.0,0.5664932226168528,1
new jersey,2006.0,0.6160345547519354,1
new jersey,2008.0,0.5958257823338713,1
new jersey,2010.0,0.5205191001701636,1
new jersey,2012.0,0.5799653689628818,1
new jersey,2014.0,0.5469305591127246,1
new mexico,1912.0,0.5530464,0
new mexico,1914.0,0.4540661,0
new mexico,1916.0,0.5052094,0
new mexico,1918.0,0.4867172999999999,0
new mexico,1920.0,0.4748025999999999,0
new mexico,1922.0,0.5438542,0
new mexico,1924.0,0.5171882999999999,0
new mexico,1926.0,0.5156174,0
new mexico,1928.0,0.4779835,0
new mexico,1930.0,0.5763056,0
new mexico,1932.0,0.6431799,0
new mexico,1934.0,0.5209299,0
new mexico,1936.0,0.6316276999999999,0
new mexico,1938.0,0.5849867,0
new mexico,1940.0,0.5875741999999999,0
new mexico,1960.0,0.5848459500000001,0
new mexico,1962.0,0.5845729499999999,0
new mexico,1964.0,0.5667078999999999,0
new mexico,1966.0,0.5319903,0
new mexico,1968.0,0.4808705,0
new mexico,1970.0,0.46418614999999996,0
new mexico,1972.0,0.5824547,0
new mexico,1974.0,0.5402753499999999,0
new mexico,1976.0,0.48935115,0
new mexico,1978.0,0.687361,0
new mexico,1980.0,0.4898567,0
new mexico,1982.0,0.5124399,0
new mexico,1984.0,0.4057576666666667,0
new mexico,1986.0,0.45840166666666665,0
new mexico,1988.0,0.40476779999999996,0
new mexico,1990.0,0.34748029999999996,0
new mexico,1992.0,0.5005037333333332,0
new mexico,1994.0,0.4156190134227112,0
new mexico,1996.0,0.5081006648834828,0
new mexico,1998.0,0.47858630440849453,0
new mexico,2000.0,0.5175930157336641,0
new mexico,2002.0,0.6279614687523389,0
new mexico,2004.0,0.5133697470113795,0
new mexico,2006.0,0.5498903520631252,0
new mexico,2008.0,0.5889107051989897,0
new mexico,2010.0,0.5112819900164892,0
new mexico,2012.0,0.5439436016245444,0
new mexico,2014.0,0.5188967181049613,0
new york,1896.0,0.39521304545454544,1
new york,1898.0,0.49471870588235295,1
new york,1900.0,0.45745115294117644,1
new york,1902.0,0.5113431216216217,1
new york,1904.0,0.4438676135135135,1
new york,1906.0,0.49099299999999996,1
new york,1908.0,0.4693399675675675,1
new york,1910.0,0.5449519388888889,1
new york,1912.0,0.6105913714285714,1
new york,1914.0,0.5007287634146341,1
new york,1916.0,0.44622195952380955,1
new york,1918.0,0.5023153542857143,1
new york,1920.0,0.39314671282051283,1
new york,1922.0,0.5074018511627907,1
new york,1924.0,0.4834998904761904,1
new york,1926.0,0.5432970857142857,1
new york,1928.0,0.5260347488372092,1
new york,1930.0,0.5721387,1
new york,1932.0,0.6049557465116279,1
new york,1934.0,0.5912691738095238,1
new york,1936.0,0.5957012395348837,1
new york,1938.0,0.5307981571428572,1
new york,1940.0,0.5289163095238095,1
new york,1942.0,0.5170227000000001,1
new york,1944.0,0.5189497325581396,1
new york,1946.0,0.44505915227272724,1
new york,1948.0,0.51263033,1
new york,1950.0,0.5098397744186046,1
new york,1952.0,0.4730240341463414,1
new york,1954.0,0.5263163255813954,1
new york,1956.0,0.47538308372093024,1
new york,1958.0,0.5287742976190476,1
new york,1960.0,0.5529898325581395,1
new york,1962.0,0.5249365390243903,1
new york,1964.0,0.6080825195121952,1
new york,1966.0,0.5537765048780489,1
new york,1968.0,0.5560832560975609,1
new york,1970.0,0.5627625775,1
new york,1972.0,0.5563407447368421,1
new york,1974.0,0.6075526228571428,1
new york,1976.0,0.6038936941176472,1
new york,1978.0,0.5616520676470589,1
new york,1980.0,0.5265907771428572,1
new york,1982.0,0.5801426700000001,1
new york,1984.0,0.534547303125,1
new york,1986.0,0.593308440625,1
new york,1988.0,0.5930858969696969,1
new york,1990.0,0.5734547272727273,1
new york,1992.0,0.5804264387096774,1
new york,1994.0,0.577523862422795,1
new york,1996.0,0.6260658665049503,1
new york,1998.0,0.6147626886507944,1
new york,2000.0,0.6136159698741173,1
new york,2002.0,0.6011492490609153,1
new york,2004.0,0.6424539869508519,1
new york,2006.0,0.7453176906020068,1
new york,2008.0,0.7184455403261919,1
new york,2010.0,0.6609668666482977,1
new york,2012.0,0.687453191306067,1
new york,2014.0,0.666966793061606,1
north carolina,1896.0,0.47839889999999996,0
north carolina,1898.0,0.86759725,0
north carolina,1900.0,0.6267213555555555,0
north carolina,1902.0,0.74258945,0
north carolina,1904.0,0.65028256,0
north carolina,1906.0,0.64279102,0
north carolina,1908.0,0.59328406,0
north carolina,1910.0,0.630072,0
north carolina,1912.0,0.7503045399999999,0
north carolina,1914.0,0.67825115,0
north carolina,1916.0,0.60907332,0
north carolina,1918.0,0.6525163,0
north carolina,1920.0,0.61383571,0
north carolina,1922.0,0.68189345,0
north carolina,1924.0,0.6660308500000001,0
north carolina,1926.0,0.6911799000000001,0
north carolina,1928.0,0.5982433,0
north carolina,1930.0,0.69524244,0
north carolina,1932.0,0.7356119363636363,0
north carolina,1934.0,0.7277769545454545,0
north carolina,1936.0,0.7493768363636364,0
north carolina,1938.0,0.74575982,0
north carolina,1940.0,0.7840389000000001,0
north carolina,1942.0,0.8143104083333333,0
north carolina,1944.0,0.7248533916666666,0
north carolina,1946.0,0.669749475,0
north carolina,1948.0,0.7434831333333333,0
north carolina,1950.0,0.775487425,0
north carolina,1952.0,0.7413358916666667,0
north carolina,1954.0,0.728624475,0
north carolina,1956.0,0.7635315083333333,0
north carolina,1958.0,0.796479075,0
north carolina,1960.0,0.6416112416666667,0
north carolina,1962.0,0.6891666363636364,0
north carolina,1964.0,0.6585748181818182,0
north carolina,1966.0,0.5895469454545454,0
north carolina,1968.0,0.5665167090909091,0
north carolina,1970.0,0.5956907727272728,0
north carolina,1972.0,0.5953488727272727,0
north carolina,1974.0,0.7018552727272728,0
north carolina,1976.0,0.6789500727272727,0
north carolina,1978.0,0.6059320545454545,0
north carolina,1980.0,0.5824280818181818,0
north carolina,1982.0,0.5439561090909091,0
north carolina,1984.0,0.5309024818181818,0
north carolina,1986.0,0.5747916454545454,0
north carolina,1988.0,0.5958835727272728,0
north carolina,1990.0,0.5413877545454545,0
north carolina,1992.0,0.5259790166666667,0
north carolina,1994.0,0.4314956636730785,0
north carolina,1996.0,0.4685962738310033,0
north carolina,1998.0,0.4386478817994295,0
north carolina,2000.0,0.42586301535230375,0
north carolina,2002.0,0.4407727968432497,0
north carolina,2004.0,0.49359996677733853,0
north carolina,2006.0,0.549028908767525,0
north carolina,2008.0,0.5496501531235741,0
north carolina,2010.0,0.45749068808198273,0
north carolina,2012.0,0.5104558791262631,0
north carolina,2014.0,0.43809728273708404,0
north dakota,1896.0,0.0,0
north dakota,1898.0,0.0,0
north dakota,1900.0,0.0,0
north dakota,1912.0,0.34169456666666664,0
north dakota,1914.0,0.34047310000000003,0
north dakota,1916.0,0.31159050000000005,0
north dakota,1918.0,0.3475152666666667,0
north dakota,1920.0,0.0,0
north dakota,1922.0,0.0,0
north dakota,1924.0,0.17046716666666664,0
north dakota,1926.0,0.18440916666666665,0
north dakota,1928.0,0.25307799999999997,0
north dakota,1930.0,0.2922899666666667,0
north dakota,1962.0,0.4566908999999999,0
north dakota,1964.0,0.50071035,0
north dakota,1966.0,0.40923370000000003,0
north dakota,1968.0,0.4073453,0
north dakota,1970.0,0.42284964999999997,0
north dakota,1972.0,0.2716155,0
north dakota,1974.0,0.4429153,0
north dakota,1976.0,0.3654747,0
north dakota,1978.0,0.3152362,0
north dakota,1980.0,0.5716656,0
north dakota,1982.0,0.7208346999999999,0
north dakota,1984.0,0.7869944000000001,0
north dakota,1986.0,0.7634962,0
north dakota,1988.0,0.7156279000000001,0
north dakota,1990.0,0.6519128000000001,0
north dakota,1992.0,0.5903877,0
north dakota,1994.0,0.5374167474096769,0
north dakota,1996.0,0.5602455544509646,0
north dakota,1998.0,0.5776068037783753,0
north dakota,2000.0,0.5429596586501164,0
north dakota,2002.0,0.5240574817123317,0
north dakota,2004.0,0.5956295404968888,0
north dakota,2006.0,0.6568024225603227,0
north dakota,2008.0,0.6197410539391334,0
north dakota,2010.0,0.4507920658023897,0
north dakota,2012.0,0.4317166194693163,0
north dakota,2014.0,0.4092686223682297,0
ohio,1896.0,0.4751772047619048,0
ohio,1898.0,0.4668113333333333,0
ohio,1900.0,0.4718445666666667,0
ohio,1902.0,0.4332903714285714,0
ohio,1904.0,0.37640470476190474,0
ohio,1906.0,0.43991315238095235,0
ohio,1908.0,0.4984058095238095,0
ohio,1910.0,0.5396698238095239,0
ohio,1912.0,0.6195647363636364,0
ohio,1914.0,0.5053779772727273,0
ohio,1916.0,0.4981015454545455,0
ohio,1918.0,0.42219987272727266,0
ohio,1920.0,0.41531558636363636,0
ohio,1922.0,0.45890983636363636,0
ohio,1924.0,0.4358246681818182,0
ohio,1926.0,0.4562685,0
ohio,1928.0,0.40792988181818185,0
ohio,1930.0,0.4956617318181818,0
ohio,1932.0,0.5473657090909091,0
ohio,1934.0,0.5347160318181818,0
ohio,1936.0,0.5650633818181818,0
ohio,1938.0,0.4794663,0
ohio,1940.0,0.5073570681818181,0
ohio,1942.0,0.44198409130434785,0
ohio,1944.0,0.4562498434782609,0
ohio,1946.0,0.42717134347826086,0
ohio,1948.0,0.5187178130434783,0
ohio,1950.0,0.4676152636363637,0
ohio,1952.0,0.4330377636363636,0
ohio,1954.0,0.45264954347826086,0
ohio,1956.0,0.41630378260869566,0
ohio,1958.0,0.5106444565217391,0
ohio,1960.0,0.4659191347826087,0
ohio,1962.0,0.4433683083333333,0
ohio,1964.0,0.5161494916666667,0
ohio,1966.0,0.4285705833333333,0
ohio,1968.0,0.3951656458333333,0
ohio,1970.0,0.4381641041666667,0
ohio,1972.0,0.4438895130434783,0
ohio,1974.0,0.49148187826086953,0
ohio,1976.0,0.5016690652173913,0
ohio,1978.0,0.4804349130434783,0
ohio,1980.0,0.4815251478260869,0
ohio,1982.0,0.5637394285714286,0
ohio,1984.0,0.5080751809523809,0
ohio,1986.0,0.5031194714285714,0
ohio,1988.0,0.5011070904761904,0
ohio,1990.0,0.5417614619047619,0
ohio,1992.0,0.5138105263157895,0
ohio,1994.0,0.39932221739606666,0
ohio,1996.0,0.4869267766705247,0
ohio,1998.0,0.48649150011368497,0
ohio,2000.0,0.5027715995610327,0
ohio,2002.0,0.4247743471106678,0
ohio,2004.0,0.5033004827773291,0
ohio,2006.0,0.5339220907332725,0
ohio,2008.0,0.5309491016768533,0
ohio,2010.0,0.44747345275569245,0
ohio,2012.0,0.48407122953967424,0
ohio,2014.0,0.39486957297500613,0
oklahoma,1908.0,0.53000322,0
oklahoma,1910.0,0.56464232,0
oklahoma,1912.0,0.5888704,0
oklahoma,1914.0,0.6030063625,0
oklahoma,1916.0,0.5957995125000001,0
oklahoma,1918.0,0.5780311,0
oklahoma,1920.0,0.49766803749999994,0
oklahoma,1922.0,0.6127585625,0
oklahoma,1924.0,0.59530425,0
oklahoma,1926.0,0.5763618,0
oklahoma,1928.0,0.5115750125,0
oklahoma,1930.0,0.6371986125,0
oklahoma,1932.0,0.7297246666666667,0
oklahoma,1934.0,0.6949717444444444,0
oklahoma,1936.0,0.7010917888888889,0
oklahoma,1938.0,0.6994284333333334,0
oklahoma,1940.0,0.6675344,0
oklahoma,1942.0,0.597528675,0
oklahoma,1944.0,0.6006564000000001,0
oklahoma,1946.0,0.6243893375,0
oklahoma,1948.0,0.6978858125,0
oklahoma,1950.0,0.62880455,0
oklahoma,1952.0,0.60750015,0
oklahoma,1954.0,0.7075572666666666,0
oklahoma,1956.0,0.6229591666666666,0
oklahoma,1958.0,0.7363398,0
oklahoma,1960.0,0.5762179333333334,0
oklahoma,1962.0,0.6841660333333333,0
oklahoma,1964.0,0.6739797333333333,0
oklahoma,1966.0,0.5494948333333333,0
oklahoma,1968.0,0.5598423333333333,0
oklahoma,1970.0,0.6477318333333333,0
oklahoma,1972.0,0.642558,0
oklahoma,1974.0,0.5828772499999999,0
oklahoma,1976.0,0.6470261333333334,0
oklahoma,1978.0,0.53869428,0
oklahoma,1980.0,0.5141025600000001,0
oklahoma,1982.0,0.6330716666666666,0
oklahoma,1984.0,0.5832397166666666,0
oklahoma,1986.0,0.60164356,0
oklahoma,1988.0,0.5328881000000001,0
oklahoma,1990.0,0.6161867,0
oklahoma,1992.0,0.6082016499999999,0
oklahoma,1994.0,0.39068601632074823,0
oklahoma,1996.0,0.3751376872919965,0
oklahoma,1998.0,0.36868767655747403,0
oklahoma,2000.0,0.31184749149328156,0
oklahoma,2002.0,0.39532543524525676,0
oklahoma,2004.0,0.27649779241289896,0
oklahoma,2006.0,0.42302172271625826,0
oklahoma,2008.0,0.38868956549633515,0
oklahoma,2010.0,0.22822681295813405,0
oklahoma,2012.0,0.3246034360165712,0
oklahoma,2014.0,0.22175624799596222,0
oregon,1896.0,0.3251413,0
oregon,1898.0,0.0,0
oregon,1900.0,0.0,0
oregon,1902.0,0.40369115,0
oregon,1904.0,0.36865225,0
oregon,1906.0,0.37788215,0
oregon,1908.0,0.29900435000000003,0
oregon,1910.0,0.39921675,0
oregon,1912.0,0.3755682333333333,0
oregon,1914.0,0.39087886666666666,0
oregon,1916.0,0.10758714999999995,0
oregon,1918.0,0.38340019999999997,0
oregon,1920.0,0.15278429999999996,0
oregon,1922.0,0.3051261,0
oregon,1924.0,0.21381039999999998,0
oregon,1926.0,0.2890796,0
oregon,1928.0,0.3279403,0
oregon,1930.0,0.4557146,0
oregon,1932.0,0.5379142666666666,0
oregon,1934.0,0.4986782666666667,0
oregon,1936.0,0.5519002666666667,0
oregon,1938.0,0.45424519999999996,0
oregon,1940.0,0.4556776333333333,0
oregon,1942.0,0.4063575,0
oregon,1944.0,0.37104085,0
oregon,1946.0,0.33686384999999996,0
oregon,1948.0,0.37359992499999994,0
oregon,1950.0,0.41213425,0
oregon,1952.0,0.383185175,0
oregon,1954.0,0.45239339999999995,0
oregon,1956.0,0.522029075,0
oregon,1958.0,0.570652425,0
oregon,1960.0,0.518280525,0
oregon,1962.0,0.555218525,0
oregon,1964.0,0.613726225,0
oregon,1966.0,0.48295365000000007,0
oregon,1968.0,0.4855836,0
oregon,1970.0,0.5372007249999999,0
oregon,1972.0,0.578371525,0
oregon,1974.0,0.64396255,0
oregon,1976.0,0.723528225,0
oregon,1978.0,0.72101885,0
oregon,1980.0,0.6051226000000001,0
oregon,1982.0,0.5688226399999999,0
oregon,1984.0,0.566516275,0
oregon,1986.0,0.5622130399999999,0
oregon,1988.0,0.6575037,0
oregon,1990.0,0.67075064,0
oregon,1992.0,0.6017604000000001,0
oregon,1994.0,0.5691500509792793,0
oregon,1996.0,0.5697143463190003,0
oregon,1998.0,0.6325716158080432,0
oregon,2000.0,0.5728617279545049,0
oregon,2002.0,0.5649332236046305,0
oregon,2004.0,0.555387362366497,0
oregon,2006.0,0.5805057106025149,0
oregon,2008.0,0.7275725125747032,0
oregon,2010.0,0.5297377463120265,0
oregon,2012.0,0.5787591535803813,0
oregon,2014.0,0.5730355121181506,0
pennsylvania,1896.0,0.3769420703703703,1
pennsylvania,1898.0,0.44210794444444446,1
pennsylvania,1900.0,0.3678325178571429,1
pennsylvania,1902.0,0.318537524137931,1
pennsylvania,1904.0,0.30331717187499996,1
pennsylvania,1906.0,0.373713825,1
pennsylvania,1908.0,0.379135540625,1
pennsylvania,1910.0,0.3770526,1
pennsylvania,1912.0,0.46380970999999993,1
pennsylvania,1914.0,0.39624347096774193,1
pennsylvania,1916.0,0.41093248666666665,1
pennsylvania,1918.0,0.35176704642857143,1
pennsylvania,1920.0,0.3205718962962963,1
pennsylvania,1922.0,0.3899389588235294,1
pennsylvania,1924.0,0.28560611999999996,1
pennsylvania,1926.0,0.2688416733333333,1
pennsylvania,1928.0,0.3445934,1
pennsylvania,1930.0,0.29504173666666667,1
pennsylvania,1932.0,0.46317478620689656,1
pennsylvania,1934.0,0.5095443448275861,1
pennsylvania,1936.0,0.5709726764705882,1
pennsylvania,1938.0,0.46988372352941177,1
pennsylvania,1940.0,0.5206460705882353,1
pennsylvania,1942.0,0.4598585636363637,1
pennsylvania,1944.0,0.5024906939393939,1
pennsylvania,1946.0,0.41923448484848486,1
pennsylvania,1948.0,0.48713873030303023,1
pennsylvania,1950.0,0.4751662121212121,1
pennsylvania,1952.0,0.47501965333333335,1
pennsylvania,1954.0,0.5083286833333333,1
pennsylvania,1956.0,0.4770472866666667,1
pennsylvania,1958.0,0.51702627,1
pennsylvania,1960.0,0.52399708,1
pennsylvania,1962.0,0.4967856851851852,1
pennsylvania,1964.0,0.5653518518518519,1
pennsylvania,1966.0,0.48436141111111114,1
pennsylvania,1968.0,0.5130521185185185,1
pennsylvania,1970.0,0.555338174074074,1
pennsylvania,1972.0,0.48993401599999997,1
pennsylvania,1974.0,0.586714056,1
pennsylvania,1976.0,0.5712965791666667,1
pennsylvania,1978.0,0.5211925439999999,1
pennsylvania,1980.0,0.517727547826087,1
pennsylvania,1982.0,0.5358583565217391,1
pennsylvania,1984.0,0.5359971173913044,1
pennsylvania,1986.0,0.5427262956521739,1
pennsylvania,1988.0,0.5728955571428571,1
pennsylvania,1990.0,0.520302675,1
pennsylvania,1992.0,0.55755615,1
pennsylvania,1994.0,0.537554452795318,1
pennsylvania,1996.0,0.5292591121037671,1
pennsylvania,1998.0,0.4873323961223803,1
pennsylvania,2000.0,0.5173155968585752,1
pennsylvania,2002.0,0.4607622198284805,1
pennsylvania,2004.0,0.49733084507998654,1
pennsylvania,2006.0,0.5796803588535445,1
pennsylvania,2008.0,0.5663831547506879,1
pennsylvania,2010.0,0.4904612841457991,1
pennsylvania,2012.0,0.5046369495829428,1
pennsylvania,2014.0,0.4427697741230796,1
rhode island,1896.0,0.32850095,1
rhode island,1898.0,0.3801889,1
rhode island,1900.0,0.37616515,1
rhode island,1902.0,0.49586395,1
rhode island,1904.0,0.46190030000000004,1
rhode island,1906.0,0.48731185,1
rhode island,1908.0,0.43519349999999996,1
rhode island,1910.0,0.4735574,1
rhode island,1912.0,0.5134964666666667,1
rhode island,1914.0,0.47353880000000004,1
rhode island,1916.0,0.48960773333333335,1
rhode island,1918.0,0.4447821,1
rhode island,1920.0,0.35746663333333334,1
rhode island,1922.0,0.5197974333333333,1
rhode island,1924.0,0.4084781333333333,1
rhode island,1926.0,0.4160563,1
rhode island,1928.0,0.48658283333333335,1
rhode island,1930.0,0.4806386333333334,1
rhode island,1932.0,0.5527015,1
rhode island,1934.0,0.5739502000000001,1
rhode island,1936.0,0.5283821,1
rhode island,1938.0,0.46357589999999993,1
rhode island,1940.0,0.5568105,1
rhode island,1942.0,0.5819555000000001,1
rhode island,1944.0,0.5983596,1
rhode island,1946.0,0.5483919500000001,1
rhode island,1948.0,0.60836885,1
rhode island,1950.0,0.61965615,1
rhode island,1952.0,0.54171865,1
rhode island,1954.0,0.5981834500000001,1
rhode island,1956.0,0.53989935,1
rhode island,1958.0,0.6310786,1
rhode island,1960.0,0.68302815,1
rhode island,1962.0,0.642819,1
rhode island,1964.0,0.73802005,1
rhode island,1966.0,0.60736545,1
rhode island,1968.0,0.6116429000000001,1
rhode island,1970.0,0.64140135,1
rhode island,1972.0,0.62754955,1
rhode island,1974.0,0.75573695,1
rhode island,1976.0,0.70209805,1
rhode island,1978.0,0.5692618500000001,1
rhode island,1980.0,0.5615192499999999,1
rhode island,1982.0,0.52859175,1
rhode island,1984.0,0.50379635,1
rhode island,1986.0,0.4293738,1
rhode island,1988.0,0.3612196000000001,1
rhode island,1990.0,0.5202685,1
rhode island,1992.0,0.5020682999999999,1
rhode island,1994.0,0.6106665996349677,1
rhode island,1996.0,0.691256323161719,1
rhode island,1998.0,0.7254709788862129,1
rhode island,2000.0,0.7416511278678957,1
rhode island,2002.0,0.695089237059543,1
rhode island,2004.0,0.7115442292961619,1
rhode island,2006.0,0.8743437255962035,1
rhode island,2008.0,0.720138531922,1
rhode island,2010.0,0.5925989244885534,1
rhode island,2012.0,0.5890383910109718,1
rhode island,2014.0,0.6100156530848027,1
south carolina,1896.0,0.9766883285714286,0
south carolina,1898.0,0.9266031428571428,0
south carolina,1900.0,0.9428537857142858,0
south carolina,1902.0,1.0,0
south carolina,1904.0,0.9756430428571428,0
south carolina,1906.0,1.0,0
south carolina,1908.0,0.9728705428571428,0
south carolina,1910.0,1.0,0
south carolina,1912.0,1.0,0
south carolina,1914.0,1.0,0
south carolina,1916.0,0.9907074857142858,0
south carolina,1918.0,1.0,0
south carolina,1920.0,0.9778302,0
south carolina,1922.0,0.9914173714285714,0
south carolina,1924.0,1.0,0
south carolina,1926.0,1.0,0
south carolina,1928.0,1.0,0
south carolina,1930.0,1.0,0
south carolina,1932.0,1.0,0
south carolina,1934.0,1.0,0
south carolina,1936.0,1.0,0
south carolina,1938.0,1.0,0
south carolina,1940.0,1.0,0
south carolina,1942.0,1.0,0
south carolina,1944.0,0.98799145,0
south carolina,1946.0,1.0,0
south carolina,1948.0,0.9733537333333334,0
south carolina,1950.0,1.0,0
south carolina,1952.0,0.9797897999999999,0
south carolina,1954.0,1.0,0
south carolina,1956.0,0.96378975,0
south carolina,1958.0,1.0,0
south carolina,1960.0,1.0,0
south carolina,1962.0,0.9113384999999999,0
south carolina,1964.0,0.8862047166666667,0
south carolina,1966.0,0.7585899666666668,0
south carolina,1968.0,0.6800281833333334,0
south carolina,1970.0,0.7554241666666667,0
south carolina,1972.0,0.50388245,0
south carolina,1974.0,0.593503,0
south carolina,1976.0,0.6530069333333334,0
south carolina,1978.0,0.7203179166666667,0
south carolina,1980.0,0.5018370666666666,0
south carolina,1982.0,0.57257205,0
south carolina,1984.0,0.5510836166666667,0
south carolina,1986.0,0.6506878166666666,0
south carolina,1988.0,0.5588722,0
south carolina,1990.0,0.5900365666666667,0
south carolina,1992.0,0.44862114999999997,0
south carolina,1994.0,0.35857525552213915,0
south carolina,1996.0,0.3191769870660656,0
south carolina,1998.0,0.3589889680829728,0
south carolina,2000.0,0.40390779196075394,0
south carolina,2002.0,0.38165582578396867,0
south carolina,2004.0,0.3241842762342375,0
south carolina,2006.0,0.3213244258207374,0
south carolina,2008.0,0.4958532107690701,0
south carolina,2010.0,0.41562824078660837,0
south carolina,2012.0,0.40941073907969316,0
south carolina,2014.0,0.31164921687396335,0
south dakota,1912.0,0.41370873333333336,0
south dakota,1914.0,0.43017450000000007,0
south dakota,1916.0,0.45020126666666666,0
south dakota,1918.0,0.43176153333333334,0
south dakota,1920.0,0.29801916666666667,0
south dakota,1922.0,0.2616551333333333,0
south dakota,1924.0,0.2505829333333333,0
south dakota,1926.0,0.41533086666666663,0
south dakota,1928.0,0.42504036666666667,0
south dakota,1930.0,0.30498926666666665,0
south dakota,1932.0,0.55173225,0
south dakota,1934.0,0.55828675,0
south dakota,1936.0,0.4945338,0
south dakota,1938.0,0.42289984999999997,0
south dakota,1940.0,0.3719537,0
south dakota,1942.0,0.34109069999999997,0
south dakota,1944.0,0.33489884999999997,0
south dakota,1946.0,0.32420965,0
south dakota,1948.0,0.4027381,0
south dakota,1950.0,0.39463744999999995,0
south dakota,1952.0,0.31288495,0
south dakota,1954.0,0.3903218,0
south dakota,1956.0,0.4827051,0
south dakota,1958.0,0.48926759999999997,0
south dakota,1960.0,0.4270234,0
south dakota,1962.0,0.39641725,0
south dakota,1964.0,0.43245495,0
south dakota,1966.0,0.36394784999999996,0
south dakota,1968.0,0.41330469999999997,0
south dakota,1970.0,0.5411927000000001,0
south dakota,1972.0,0.52826825,0
south dakota,1974.0,0.38457215000000006,0
south dakota,1976.0,0.2484057,0
south dakota,1978.0,0.47005414999999995,0
south dakota,1980.0,0.53705135,0
south dakota,1982.0,0.5155849,0
south dakota,1984.0,0.5736508000000001,0
south dakota,1986.0,0.5918135999999999,0
south dakota,1988.0,0.7173694,0
south dakota,1990.0,0.6755358,0
south dakota,1992.0,0.7202179,0
south dakota,1994.0,0.6202717814903927,0
south dakota,1996.0,0.3907530888409492,0
south dakota,1998.0,0.2491705015661858,0
south dakota,2000.0,0.2531350596630942,0
south dakota,2002.0,0.460320648491789,0
south dakota,2004.0,0.5375187503232814,0
south dakota,2006.0,0.701935845424753,0
south dakota,2008.0,0.6755574435300667,0
south dakota,2010.0,0.4881548626004023,0
south dakota,2012.0,0.4255026575067302,0
south dakota,2014.0,0.3347037301090406,0
tennessee,1896.0,0.65157236,0
tennessee,1898.0,0.64626553,0
tennessee,1900.0,0.6112728199999999,0
tennessee,1902.0,0.7019060699999999,0
tennessee,1904.0,0.58203649,0
tennessee,1906.0,0.6221149699999999,0
tennessee,1908.0,0.60068167,0
tennessee,1910.0,0.8148468888888889,0
tennessee,1912.0,0.6212158375,0
tennessee,1914.0,0.77311435,0
tennessee,1916.0,0.5620408,0
tennessee,1918.0,0.8260255000000001,0
tennessee,1920.0,0.52504047,0
tennessee,1922.0,0.70284605,0
tennessee,1924.0,0.75652347,0
tennessee,1926.0,0.75904541,0
tennessee,1928.0,0.6648080000000001,0
tennessee,1930.0,0.8799473222222223,0
tennessee,1932.0,0.7515905,0
tennessee,1934.0,0.7822847222222222,0
tennessee,1936.0,0.7795356,0
tennessee,1938.0,0.7835708555555555,0
tennessee,1940.0,0.7904219,0
tennessee,1942.0,0.74514002,0
tennessee,1944.0,0.7230668299999999,0
tennessee,1946.0,0.744562,0
tennessee,1948.0,0.68384961,0
tennessee,1950.0,0.88322112,0
tennessee,1952.0,0.7807070555555556,0
tennessee,1954.0,0.7921485888888888,0
tennessee,1956.0,0.6976107111111111,0
tennessee,1958.0,0.8594579666666667,0
tennessee,1960.0,0.8051012111111111,0
tennessee,1962.0,0.7172124,0
tennessee,1964.0,0.6772722555555555,0
tennessee,1966.0,0.5489514444444444,0
tennessee,1968.0,0.5179475444444444,0
tennessee,1970.0,0.6129210888888889,0
tennessee,1972.0,0.4607767285714286,0
tennessee,1974.0,0.6389864125,0
tennessee,1976.0,0.679919525,0
tennessee,1978.0,0.6021047,0
tennessee,1980.0,0.508750625,0
tennessee,1982.0,0.5894807666666667,0
tennessee,1984.0,0.5384664333333333,0
tennessee,1986.0,0.6143907666666667,0
tennessee,1988.0,0.6441452666666667,0
tennessee,1990.0,0.5554187555555555,0
tennessee,1992.0,0.5624134444444445,0
tennessee,1994.0,0.4295203844660018,0
tennessee,1996.0,0.49293342096725046,0
tennessee,1998.0,0.4885127783464248,0
tennessee,2000.0,0.4540059725776345,0
tennessee,2002.0,0.48822994491389693,0
tennessee,2004.0,0.472079086704904,0
tennessee,2006.0,0.5363126199239545,0
tennessee,2008.0,0.5954592795140871,0
tennessee,2010.0,0.37049237291688925,0
tennessee,2012.0,0.35596606537789816,0
tennessee,2014.0,0.3498106104339816,0
texas,1896.0,0.753218123076923,0
texas,1898.0,0.8418406153846154,0
texas,1900.0,0.7911268461538461,0
texas,1902.0,0.85467241875,0
texas,1904.0,0.84266275,0
texas,1906.0,0.89940825625,0
texas,1908.0,0.8454904,0
texas,1910.0,0.93203854375,0
texas,1912.0,0.98990051875,0
texas,1914.0,0.96585208125,0
texas,1916.0,0.888492325,0
texas,1918.0,0.9751762277777778,0
texas,1920.0,0.8543096833333332,0
texas,1922.0,0.8694546388888889,0
texas,1924.0,0.8818214555555556,0
texas,1926.0,0.8987556277777777,0
texas,1928.0,0.8930967277777777,0
texas,1930.0,0.9139280500000001,0
texas,1932.0,0.9762789277777778,0
texas,1934.0,0.9942897190476191,0
texas,1936.0,0.9519454904761905,0
texas,1938.0,0.9966859666666666,0
texas,1940.0,0.9791774428571429,0
texas,1942.0,0.9913020571428571,0
texas,1944.0,0.9612583380952382,0
texas,1946.0,0.9603399904761906,0
texas,1948.0,0.9569419571428571,0
texas,1950.0,0.9504662761904763,0
texas,1952.0,0.9900093761904762,0
texas,1954.0,0.9346551909090909,0
texas,1956.0,0.9243617238095237,0
texas,1958.0,0.9549019227272727,0
texas,1960.0,0.9203791181818182,0
texas,1962.0,0.717000252173913,0
texas,1964.0,0.7103757695652174,0
texas,1966.0,0.8825218565217392,0
texas,1968.0,0.7669632217391305,0
texas,1970.0,0.7904641130434783,0
texas,1972.0,0.7733264583333334,0
texas,1974.0,0.7723000416666667,0
texas,1976.0,0.6852957000000001,0
texas,1978.0,0.6303344208333334,0
texas,1980.0,0.6655704166666666,0
texas,1982.0,0.6802039777777777,0
texas,1984.0,0.6484445074074074,0
texas,1986.0,0.6414836962962963,0
texas,1988.0,0.6567539703703703,0
texas,1990.0,0.5995688,0
texas,1992.0,0.5401722699999999,0
texas,1994.0,0.4532186969741173,0
texas,1996.0,0.47800226272911706,0
texas,1998.0,0.5132493042349473,0
texas,2000.0,0.5451653121985928,0
texas,2002.0,0.4965009699825973,0
texas,2004.0,0.43820957511764547,0
texas,2006.0,0.5270409004214592,0
texas,2008.0,0.4352450004930852,0
texas,2010.0,0.3438400085302133,0
texas,2012.0,0.42385068461396364,0
texas,2014.0,0.4152573298321163,0
utah,1896.0,1.0,0
utah,1898.0,0.5463071999999999,0
utah,1900.0,0.4986918999999999,0
utah,1902.0,0.4663395,0
utah,1904.0,0.4155015999999999,0
utah,1906.0,0.3967530999999999,0
utah,1908.0,0.3847207,0
utah,1910.0,0.3927097,0
utah,1914.0,0.4918091499999999,0
utah,1916.0,0.5808393000000001,0
utah,1918.0,0.5751176499999999,0
utah,1920.0,0.40970265,0
utah,1922.0,0.46674635,0
utah,1924.0,0.44243335000000006,0
utah,1926.0,0.38645565000000004,0
utah,1928.0,0.44179595,0
utah,1930.0,0.43909995,0
utah,1932.0,0.54336465,0
utah,1934.0,0.6411821,0
utah,1936.0,0.6965699000000001,0
utah,1938.0,0.6098405499999999,0
utah,1940.0,0.59950405,0
utah,1942.0,0.5297012,0
utah,1944.0,0.6003033499999999,0
utah,1946.0,0.4867292,0
utah,1948.0,0.5824907500000001,0
utah,1950.0,0.5224325,0
utah,1952.0,0.4345734,0
utah,1954.0,0.44735014999999995,0
utah,1956.0,0.4072036,0
utah,1958.0,0.4860937999999999,0
utah,1960.0,0.5042210500000001,0
utah,1962.0,0.4760392,0
utah,1964.0,0.5078276500000001,0
utah,1966.0,0.3612658999999999,0
utah,1968.0,0.3511516,0
utah,1970.0,0.49413925000000003,0
utah,1972.0,0.5611157,0
utah,1974.0,0.5892545,0
utah,1976.0,0.5136480499999999,0
utah,1978.0,0.4433262,0
utah,1980.0,0.3950116,0
utah,1982.0,0.2778875,0
utah,1984.0,0.34451763333333335,0
utah,1986.0,0.45729406666666667,0
utah,1988.0,0.4336209666666666,0
utah,1990.0,0.5544197333333334,0
utah,1992.0,0.4786608333333333,0
utah,1994.0,0.4634416086268214,0
utah,1996.0,0.40694042433504024,0
utah,1998.0,0.2539166106911213,0
utah,2000.0,0.4157545083230811,0
utah,2002.0,0.39376878110337343,0
utah,2004.0,0.3993841911738644,0
utah,2006.0,0.43695794229004403,0
utah,2008.0,0.4228269508153497,0
utah,2010.0,0.34022585297783353,0
utah,2012.0,0.33554780143587604,0
utah,2014.0,0.3403891588800367,0
vermont,1896.0,0.20902775,1
vermont,1898.0,0.267335,1
vermont,1900.0,0.26548320000000003,1
vermont,1902.0,0.2033923,1
vermont,1904.0,0.25276719999999997,1
vermont,1906.0,0.29236285,1
vermont,1908.0,0.24891154999999998,1
vermont,1910.0,0.2787245499999999,1
vermont,1912.0,0.37741385000000005,1
vermont,1914.0,0.27035555,1
vermont,1916.0,0.26298005,1
vermont,1918.0,0.24790815,1
vermont,1920.0,0.23229299999999994,1
vermont,1922.0,0.34779994999999997,1
vermont,1924.0,0.20551799999999998,1
vermont,1926.0,0.2367011,1
vermont,1928.0,0.27844735,1
vermont,1930.0,0.30387764999999994,1
vermont,1932.0,0.3557275,1
vermont,1934.0,0.426842,1
vermont,1936.0,0.4040452000000001,1
vermont,1938.0,0.3602203,1
vermont,1940.0,0.3617462,1
vermont,1942.0,0.2980622,1
vermont,1944.0,0.375762,1
vermont,1946.0,0.3567311999999999,1
vermont,1948.0,0.3920373,1
vermont,1950.0,0.258183,1
vermont,1952.0,0.282161,1
vermont,1954.0,0.3862395,1
vermont,1956.0,0.328713,1
vermont,1958.0,0.5146535,1
vermont,1960.0,0.4283382000000001,1
vermont,1962.0,0.4328962999999999,1
vermont,1964.0,0.4355777,1
vermont,1966.0,0.3436202,1
vermont,1968.0,1.0,1
vermont,1970.0,0.2996539,1
vermont,1972.0,0.3498219999999999,1
vermont,1974.0,0.4304103,1
vermont,1976.0,0.3260154000000001,1
vermont,1978.0,0.2039046,1
vermont,1980.0,0.0,1
vermont,1982.0,0.2511427,1
vermont,1984.0,0.2896562,1
vermont,1986.0,0.0,1
vermont,1988.0,0.3142090999999999,1
vermont,1994.0,0.0,1
vermont,1998.0,0.0,1
vermont,2002.0,0.0,1
vermont,2006.0,0.5443703813298655,1
vermont,2008.0,1.0,1
vermont,2010.0,0.6684027099635865,1
vermont,2012.0,0.7554057137063044,1
vermont,2014.0,0.6748458537813011,1
virginia,1896.0,0.58702203,0
virginia,1898.0,0.7180722900000001,0
virginia,1900.0,0.63789914,0
virginia,1902.0,0.78702115,0
virginia,1904.0,0.7079396,0
virginia,1906.0,0.73735873,0
virginia,1908.0,0.69756392,0
virginia,1910.0,0.8040661,0
virginia,1912.0,0.8856279600000001,0
virginia,1914.0,0.85164628,0
virginia,1916.0,0.7496022499999999,0
virginia,1918.0,0.8949768499999999,0
virginia,1920.0,0.6797704099999999,0
virginia,1922.0,0.77474805,0
virginia,1924.0,0.77696784,0
virginia,1926.0,0.88766722,0
virginia,1928.0,0.75408382,0
virginia,1930.0,0.83265785,0
virginia,1934.0,0.8207855555555557,0
virginia,1936.0,0.7516241333333333,0
virginia,1938.0,0.8738154444444445,0
virginia,1940.0,0.8555630888888889,0
virginia,1942.0,0.9318756777777778,0
virginia,1944.0,0.8177771777777778,0
virginia,1946.0,0.7020874555555555,0
virginia,1948.0,0.7278040888888889,0
virginia,1950.0,0.8605008222222222,0
virginia,1952.0,0.78326379,0
virginia,1954.0,0.7405715900000001,0
virginia,1956.0,0.6250825200000001,0
virginia,1958.0,0.8662120200000001,0
virginia,1960.0,0.7375550599999999,0
virginia,1962.0,0.71621661,0
virginia,1964.0,0.65900202,0
virginia,1966.0,0.66529054,0
virginia,1968.0,0.5085114199999999,0
virginia,1970.0,0.5318284600000001,0
virginia,1972.0,0.54107967,0
virginia,1974.0,0.6288191299999999,0
virginia,1976.0,0.48661637999999996,0
virginia,1978.0,0.40685817999999996,0
virginia,1980.0,0.31672972,0
virginia,1982.0,0.47463183999999997,0
virginia,1984.0,0.46861318,0
virginia,1986.0,0.57669002,0
virginia,1988.0,0.4420616,0
virginia,1990.0,0.71201652,0
virginia,1992.0,0.5242239727272727,0
virginia,1994.0,0.4023029652251374,0
virginia,1996.0,0.4912482665906117,0
virginia,1998.0,0.5313624505698541,0
virginia,2000.0,0.5370406040962958,0
virginia,2002.0,0.3243040451064958,0
virginia,2004.0,0.3484209059136079,0
virginia,2006.0,0.4381039621156114,0
virginia,2008.0,0.5683999686549579,0
virginia,2010.0,0.4266347239894287,0
virginia,2012.0,0.4929111798778605,0
virginia,2014.0,0.415202257288094,0
washington,1908.0,0.3370579,1
washington,1910.0,0.3596746333333333,1
washington,1912.0,0.43368629999999997,1
washington,1914.0,0.43055123999999995,1
washington,1916.0,0.4515739,1
washington,1918.0,0.42069777999999997,1
washington,1920.0,0.20525668000000002,1
washington,1922.0,0.26129062,1
washington,1924.0,0.27659152000000004,1
washington,1926.0,0.2638415,1
washington,1928.0,0.29155936,1
washington,1930.0,0.23337104000000003,1
washington,1932.0,0.6491521333333333,1
washington,1934.0,0.67410925,1
washington,1936.0,0.6606773833333334,1
washington,1938.0,0.6077068,1
washington,1940.0,0.5732582166666667,1
washington,1942.0,0.5109337166666666,1
washington,1944.0,0.5242953333333333,1
washington,1946.0,0.418552,1
washington,1948.0,0.49699126666666665,1
washington,1950.0,0.46719565,1
washington,1952.0,0.4399158857142857,1
washington,1954.0,0.44724318571428573,1
washington,1956.0,0.4709572142857143,1
washington,1958.0,0.46364712857142854,1
washington,1960.0,0.42640911428571426,1
washington,1962.0,0.38948951428571427,1
washington,1964.0,0.5156801,1
washington,1966.0,0.5163794285714286,1
washington,1968.0,0.5189421142857142,1
washington,1970.0,0.6032944142857143,1
washington,1972.0,0.6701544857142857,1
washington,1974.0,0.5962797285714286,1
washington,1976.0,0.5916027142857143,1
washington,1978.0,0.5341018142857142,1
washington,1980.0,0.5044907857142856,1
washington,1982.0,0.53340795,1
washington,1984.0,0.5554609,1
washington,1986.0,0.5945868,1
washington,1988.0,0.5870977749999999,1
washington,1990.0,0.54393795,1
washington,1992.0,0.5719505777777778,1
washington,1994.0,0.4901902683389669,1
washington,1996.0,0.5252577119259194,1
washington,1998.0,0.5466648562944365,1
washington,2000.0,0.569460047513563,1
washington,2002.0,0.534930734510181,1
washington,2004.0,0.5895874974192883,1
washington,2006.0,0.6077849194988993,1
washington,2008.0,0.5877484379348188,1
washington,2010.0,0.5392204763571199,1
washington,2012.0,0.535735036626311,1
washington,2014.0,0.4996120082417267,1
west virginia,1896.0,0.47444567499999996,0
west virginia,1898.0,0.4921249,0
west virginia,1900.0,0.46000579999999996,0
west virginia,1902.0,0.47068787999999995,0
west virginia,1904.0,0.47003825999999993,0
west virginia,1906.0,0.44030416,0
west virginia,1908.0,0.45684136000000003,0
west virginia,1910.0,0.52444702,0
west virginia,1912.0,0.48370425,0
west virginia,1914.0,0.49447806666666666,0
west virginia,1916.0,0.4974995833333333,0
west virginia,1918.0,0.47216578333333326,0
west virginia,1920.0,0.4521976333333333,0
west virginia,1922.0,0.51055375,0
west virginia,1924.0,0.48340603333333326,0
west virginia,1926.0,0.48244136666666665,0
west virginia,1928.0,0.4548725833333333,0
west virginia,1930.0,0.4977430166666667,0
west virginia,1932.0,0.5325241833333333,0
west virginia,1934.0,0.5605060333333333,0
west virginia,1936.0,0.6014654166666666,0
west virginia,1938.0,0.55276785,0
west virginia,1940.0,0.5745253,0
west virginia,1942.0,0.49855605,0
west virginia,1944.0,0.5430115666666667,0
west virginia,1946.0,0.5019518833333333,0
west virginia,1948.0,0.58281715,0
west virginia,1950.0,0.5658262333333334,0
west virginia,1952.0,0.5396531333333333,0
west virginia,1954.0,0.5782610166666667,0
west virginia,1956.0,0.5313812333333333,0
west virginia,1958.0,0.6425813666666667,0
west virginia,1960.0,0.5736206833333333,0
west virginia,1962.0,0.582925,0
west virginia,1964.0,0.6001990800000001,0
west virginia,1966.0,0.54869306,0
west virginia,1968.0,0.6125197,0
west virginia,1970.0,0.65481912,0
west virginia,1972.0,0.660001125,0
west virginia,1974.0,0.7314499,0
west virginia,1976.0,0.7577446750000001,0
west virginia,1978.0,0.694835925,0
west virginia,1980.0,0.5788863249999999,0
west virginia,1982.0,0.63968395,0
west virginia,1984.0,0.612493175,0
west virginia,1986.0,0.76408735,0
west virginia,1988.0,0.775464775,0
west virginia,1990.0,0.686408675,0
west virginia,1992.0,0.7884577666666667,0
west virginia,1994.0,0.659653449628713,0
west virginia,1996.0,0.8962887621420647,0
west virginia,1998.0,0.9244161160530145,0
west virginia,2000.0,0.8287954340831964,0
west virginia,2002.0,0.7005888236964561,0
west virginia,2004.0,0.5826294838722123,0
west virginia,2006.0,0.5883751351453381,0
west virginia,2008.0,0.6994896924789084,0
west virginia,2010.0,0.4529648663077384,0
west virginia,2012.0,0.4057729277729527,0
west virginia,2014.0,0.42976106827302313,0
wisconsin,1896.0,0.38062848000000005,0
wisconsin,1898.0,0.37303847999999995,0
wisconsin,1900.0,0.38380610000000004,0
wisconsin,1902.0,0.4103251818181818,0
wisconsin,1904.0,0.3770075636363636,0
wisconsin,1906.0,0.3946762909090909,0
wisconsin,1908.0,0.41349845454545453,0
wisconsin,1910.0,0.37992275,0
wisconsin,1912.0,0.4739923909090909,0
wisconsin,1914.0,0.4101189727272727,0
wisconsin,1916.0,0.3623383090909091,0
wisconsin,1918.0,0.22831192999999997,0
wisconsin,1920.0,0.1895314818181818,0
wisconsin,1922.0,0.0360539,0
wisconsin,1924.0,0.22411240999999998,0
wisconsin,1926.0,0.07167912,0
wisconsin,1928.0,0.2845457181818182,0
wisconsin,1930.0,0.15333573,0
wisconsin,1932.0,0.51597056,0
wisconsin,1934.0,0.6278050666666667,0
wisconsin,1936.0,0.6126775000000001,0
wisconsin,1938.0,0.3113328,0
wisconsin,1940.0,0.2619778,0
wisconsin,1942.0,0.355592825,0
wisconsin,1944.0,0.34289820000000004,0
wisconsin,1946.0,0.31384945,0
wisconsin,1948.0,0.40384102000000005,0
wisconsin,1950.0,0.41220513,0
wisconsin,1952.0,0.36516856,0
wisconsin,1954.0,0.46484837,0
wisconsin,1956.0,0.44301636,0
wisconsin,1958.0,0.52048672,0
wisconsin,1960.0,0.45024896000000003,0
wisconsin,1962.0,0.47833597999999994,0
wisconsin,1964.0,0.52262023,0
wisconsin,1966.0,0.47321305999999996,0
wisconsin,1968.0,0.46000065,0
wisconsin,1970.0,0.57287934,0
wisconsin,1972.0,0.5734499777777777,0
wisconsin,1974.0,0.6118349222222222,0
wisconsin,1976.0,0.6272979888888889,0
wisconsin,1978.0,0.5432703333333334,0
wisconsin,1980.0,0.5195689777777778,0
wisconsin,1982.0,0.5283215111111111,0
wisconsin,1984.0,0.5126834222222222,0
wisconsin,1986.0,0.5380014777777777,0
wisconsin,1988.0,0.5266303555555556,0
wisconsin,1990.0,0.48323666666666665,0
wisconsin,1992.0,0.49443603333333336,0
wisconsin,1994.0,0.36629962375135683,0
wisconsin,1996.0,0.4830429088080446,0
wisconsin,1998.0,0.45513652032245694,0
wisconsin,2000.0,0.48632607830304014,0
wisconsin,2002.0,0.43952139894413755,0
wisconsin,2004.0,0.5217254003381191,0
wisconsin,2006.0,0.4852127105457811,0
wisconsin,2008.0,0.5255066648427101,0
wisconsin,2010.0,0.4539712473979189,0
wisconsin,2012.0,0.5107036028362332,0
wisconsin,2014.0,0.4764628778722617,0
wyoming,1896.0,0.5065343,0
wyoming,1898.0,0.4402954000000001,0
wyoming,1900.0,0.4079247,0
wyoming,1902.0,0.36,0
wyoming,1904.0,0.3327062,0
wyoming,1906.0,0.3472454,0
wyoming,1908.0,0.3889776,0
wyoming,1910.0,0.4191759,0
wyoming,1912.0,0.4348596999999999,0
wyoming,1914.0,0.446695,0
wyoming,1916.0,0.4945035,0
wyoming,1918.0,0.3580705999999999,0
wyoming,1920.0,0.3012026,0
wyoming,1922.0,0.4665987,0
wyoming,1924.0,0.3987675,0
wyoming,1926.0,0.389025,0
wyoming,1928.0,0.4802220999999999,0
wyoming,1930.0,0.3437998,0
wyoming,1932.0,0.4899854,0
wyoming,1934.0,0.5870015000000001,0
wyoming,1936.0,0.5760613,0
wyoming,1938.0,0.471164,0
wyoming,1940.0,0.534334,0
wyoming,1942.0,0.4928329999999999,0
wyoming,1944.0,0.4429564,0
wyoming,1946.0,0.4398047000000001,0
wyoming,1948.0,0.4847532999999999,0
wyoming,1950.0,0.4551035,0
wyoming,1952.0,0.398982,0
wyoming,1954.0,0.4381683,0
wyoming,1956.0,0.4180957,0
wyoming,1958.0,0.4641795999999999,0
wyoming,1960.0,0.4771050999999999,0
wyoming,1962.0,0.3862235,0
wyoming,1964.0,0.5079431999999999,0
wyoming,1966.0,0.4769899999999999,0
wyoming,1968.0,0.372629,0
wyoming,1970.0,0.5026138,0
wyoming,1972.0,0.5169687,0
wyoming,1974.0,0.547013,0
wyoming,1976.0,0.5644441,0
wyoming,1978.0,0.4136902,0
wyoming,1980.0,0.3143094999999999,0
wyoming,1982.0,0.2890625,0
wyoming,1984.0,0.2490996,0
wyoming,1986.0,0.3052814,0
wyoming,1988.0,0.3232386,0
wyoming,1990.0,0.4490652,0
wyoming,1992.0,0.4046942,0
wyoming,1994.0,0.4368987532893317,0
wyoming,1996.0,0.4249484454314721,0
wyoming,1998.0,0.4009792606165891,0
wyoming,2000.0,0.2994676175142973,0
wyoming,2002.0,0.3743742550655542,0
wyoming,2004.0,0.430808803253826,0
wyoming,2006.0,0.4972745879564796,0
wyoming,2008.0,0.448559255804573,0
wyoming,2010.0,0.2579510677510441,0
wyoming,2012.0,0.2569936391027787,0
wyoming,2014.0,0.2506148858732042,0
